id,slug,title,dek,body,cover_url,cover_credit,category_id,author_id,created_by,status,published_at,location,reading_minutes,is_featured,is_breaking,seo_title,seo_description,view_count,share_count,created_at,updated_at
0c742a81-6255-490d-93d4-eb1b69025ddb,fact-check-jacques-kongolo-est-il-un-agent-du-rwanda-comme-laffirment-certains-messages-en-ligne-voici-les-faits,Fact-check: Jacques Kongolo est-il un « agent du Rwanda » comme l’affirment certains messages en ligne ? Voici les faits,"Depuis plusieurs jours, des publications circulant sur les réseaux sociaux accusent Jacques Kongolo, chargé de mission du président de la République démocratique du Congo suivi des questions communautaires et identitaires dans la partie orientale du pays, d’être un « agent du…","Depuis plusieurs jours, des publications circulant sur les réseaux sociaux accusent Jacques Kongolo, chargé de mission du président de la République démocratique du Congo suivi des questions communautaires et identitaires dans la partie orientale du pays, d’être un « agent du Rwanda » qui percevrait encore un salaire de l’administration rwandaise.

Ces accusations apparaissent dans un contexte de tensions persistantes entre la République démocratique du Congo et le Rwanda, accusé de soutenir la rébellion du M23.

Nous avons examiné ces affirmations

L’infox

Selon plusieurs publications relayées sur X et Facebook, Jacques Kongolo serait en réalité un citoyen rwandais qui continuerait à percevoir un salaire comme « agent d’Umwirondoro », une entité administrative au Rwanda.

Ces messages affirment également que son père aurait été chef dans la région de Kayonza et que ces informations seraient « numérisées dans l’administration rwandaise ». Les auteurs insinuent ainsi que Kongolo agirait au sein des institutions congolaises tout en restant lié à l’État rwandais.

Aucune preuve ou document officiel n’est toutefois fourni pour étayer ces accusations.

Ce que l’on sait de l’identité et du parcours de Jacques Kongolo

Les éléments biographiques disponibles situent l’origine de Jacques Kongolo dans l’espace congolais.

Il est né dans la zone d’administration de Vyura/Kingungwa, dans la collectivité de Tumbwe, groupement Fatuma, territoire de Kalemie, dans l’actuelle province du Tanganyika. À l’époque de sa naissance, cette région faisait partie du grand Katanga, dans la République démocratique du Congo.

Ses deux parents sont originaires du territoire de Fizi, dans la province du Sud-Kivu.

Selon plusieurs témoignages locaux, son père fait partie des premiers membres de la communauté Banyamulenge à s’être mariés à Vyura dans le secteur du Tanganyika.

Son grand-père, Joël Mutabazi, est présenté comme le premier pasteur de l’Église Méthodiste Unie à Vyura, ce qui témoigne d’une présence ancienne de la famille dans cette région.

Le témoignage d’un ami d’enfance

Des détails sur l’enfance et la scolarité de Jacques Kongolo sont également confirmés par Kitungwa Pacifique, un ami d’enfance ayant grandi avec lui dans la région.

Selon ce dernier, Kongolo a fréquenté :

• l’école primaire de Kabutonga, dirigée à l’époque par Ngoyi Kalowa.

• son enseignante de la première primaire s’appelait Kasongo à l’école, connue dans la localité.

• puis l’Institut Vyura pour le cycle inférieur de ses études secondaires.

« Nous avons grandi ensemble et étudié dans les mêmes écoles. Son père était proposé de remplacer son oncle paternel qui était le chef de localité Kingungwa. D’ailler même le grand père de sa mère était chef coutumier du secteur de Tanganyika avant qu’il ne se déplace vers Vyura », explique Kitungwa Pacifique, qui affirme également se souvenir des autorités locales de l’époque, notamment le chef de localité Kingungwa, le chef de groupement Fatuma et l’administration de la collectivité de Tumbwe dans le territoire de Kalemie.

Ces témoignages situent le parcours de Kongolo dans le contexte administratif et social congolais.

« Je n’ai jamais travaillé au Rwanda, la dernière fois que j’ai été dans ce pays c’était en 2010, j’étais en transit pour l’Éthiopie », a déclaré brièvement Jacques Kongolo.

Pourquoi Jacques Kongolo est aujourd’hui ciblé

Plusieurs éléments permettent de comprendre pourquoi cette personnalité est devenue la cible d’attaques sur les réseaux sociaux.

Une nomination symbolique

Jacques Kongolo est considéré comme le premier membre de la communauté Banyamulenge nommé par ordonnance présidentielle comme chargé de mission du chef de l’État pour les questions communautaires et identitaires dans l’Est du pays.

Avant lui, Azarias Ruberwa avait occupé des fonctions importantes au sommet de l’État après le Dialogue intercongolais de Sun City, qui avait intégré plusieurs mouvements rebelles dans les institutions congolaises.

Ses dénonciations de l’implication rwandaise

Jacques Kongolo fait partie des personnalités Banyamulenge qui dénoncent publiquement des incursions de l’armée rwandaise dans certaines zones de l’est de la RDC, notamment autour de Minembwe et dans plusieurs localités du Sud-Kivu.

Ces prises de position vont à l’encontre du discours défendu par Kigali sur le conflit dans la région.

Son rôle dans la médiation communautaire

Dans le cadre d’une mission confiée par le président Félix Tshisekedi, Kongolo s’est rendu à plusieurs reprises dans les territoires de Fizi et Uvira pour tenter de réduire les tensions entre communautés.

Il a rencontré des leaders locaux ainsi que certains responsables de groupes armés afin de promouvoir la coexistence pacifique.

Parmi eux figure le chef rebelle Amuri Yakutumba, qui a depuis appelé publiquement les communautés de la région à vivre ensemble.

Kongolo s’est également déplacé dans plusieurs zones sensibles, notamment Makobola, Kigongo et les lignes de front autour d’Uvira, pour soutenir les initiatives de paix et encourager les forces engagées dans la défense du territoire.

Des démarches diplomatiques à l’international

Jacques Kongolo a également participé à des démarches diplomatiques visant à expliquer la position de Kinshasa sur la crise sécuritaire dans l’est du pays et sur la présence présumée de forces rwandaises en RDC.

Il a notamment rencontré des responsables américains, européens et qataris.

À Doha, il a pris part à des discussions liées à un protocole d’échange de prisonniers entre le gouvernement congolais, la rébellion du M23 et le Comité international de la Croix-Rouge.

Ainsi donc, aucune preuve publique ne permet de confirmer les affirmations selon lesquelles Jacques Kongolo percevrait un salaire du Rwanda ou serait un agent de l’administration rwandaise.

Il est connu et célèbre même quand il était en Éthiopie, il s’est engagé pour lutter contre l’usurpation d’identité faite par certains Rwandais qui cherchaient à aller en exil. Ils utilisaient ces identités congolaises de Banyamulenge.

Kongo a passé sa vie chez l’ancien gouverneur Norbert Basengezi Katindtima.

Les publications à l’origine de cette accusation ne fournissent ni documents officiels ni sources vérifiables.

Dans le contexte de la guerre informationnelle entourant le conflit dans l’est de la République démocratique du Congo, ces accusations s’apparentent davantage à une tentative de discrédit visant une personnalité engagée dans les initiatives de médiation et dans la dénonciation de l’implication rwandaise dans la région.

Daniel Michombero",/__l5e/assets-v1/1421df1f-e7b6-44f4-af4a-ed9ab2d8179e/IMG-20260315-WA0015.jpg,,65df35f4-289f-4a06-8b4d-8e3c510c68d3,54e75780-b018-4965-935b-7752e055847c,,publie,2026-03-15 13:07:12+00,,5,f,f,Fact-check: Jacques Kongolo est-il un « agent du Rwanda » co,"Depuis plusieurs jours, des publications circulant sur les réseaux sociaux accusent Jacques Kongolo, chargé de mission du président de la République démocr",0,0,2026-08-02 11:23:55.18853+00,2026-08-04 16:32:18.081933+00
6341ba1c-5c08-4cca-8444-7b6c94e9aad0,fact-check-lafc-m23-na-pas-electrifie-les-zones-occupees-et-na-pas-commande-le-transformateur,Fact check: l’AFC/M23 n’a pas électrifié les zones occupées et n’a pas commandé le transformateur,"Depuis ce lundi 27 octobre 2025, un post du vice-gouverneur rebelle Willy Manzi circule sur les réseaux sociaux. Il y affirme que l’AFC/M23 a électrifié toutes les zones sous son contrôle au Nord-Kivu et qu’un nouveau transformateur électrique « a désormais la capacité…","Depuis ce lundi 27 octobre 2025, un post du vice-gouverneur rebelle Willy Manzi circule sur les réseaux sociaux. Il y affirme que l’AFC/M23 a électrifié toutes les zones sous son contrôle au Nord-Kivu et qu’un nouveau transformateur électrique « a désormais la capacité d’alimenter toute la région ». Selon lui, « l’obscurité dans les zones contrôlées sera bientôt une chose du passé, grâce à la bonne gouvernance et à l’esprit d’innovation de l’AFC/M23 ». C’est une fausse information après vérification faite par Reelactu.

Qui est Willy Manzi ?

Willy Manzi est un rebelle du M23 qui occupe la fonction de vice-gouverneur dans une partie du Nord-Kivu sous contrôle du mouvement. Ses déclarations ne reflètent pas l’action officielle de l’État congolais ni celle de projets techniques crédibles, mais relèvent de la communication d’un acteur armé sur une zone partiellement occupée.

Pour vérifier ces allégations, Reelactu a consulté les documents officiels du projet d’interconnexion électrique régional, financé par la Banque africaine de développement (BAD) dans le cadre du programme NELSAP, et contacté des sources proches du projet.

Vous pouvez également accéder à ce projet en cliquant sur ce lien

Il s’agit plutôt d’un projet régional qui vise la construction et le renforcement de 769 km de lignes électriques en 220 kV et 10 kV, et de 17 postes de transformation, pour interconnecter les réseaux électriques du Burundi, Kenya, Ouganda, RDC et Rwanda. L’objectif est d’améliorer la disponibilité d’une énergie électrique abordable, soutenir le développement économique et social de la région, et faciliter les échanges transfrontaliers d’énergie. Le coût global du projet initial était estimé à plus 160,20 millions de dollars américains, un achèvement etait prévu fin 2017 mais le projet a connu des retards.

Composante RDC : Après la revue à mi-parcours, la RDC se concentre sur la construction de 108 km de lignes 220 kV et 2 postes de transformation. Un transformateur géant est arrivé à Goma fin août 2025, en provenance du port de Dar es-Salam via le Rwanda. Un autre est attendu car 2 au total doivent être installés pour alimenter les provinces de l’Est de la RDC dont le Nord-Kivu, le Sud-Kivu et l’Ituri. Dans cette vidéo vous pouvez voir l’avancement des activités sur le site dé Mugunga à l’Ouest de la ville de Goma où le central sera installé.

/api/public/media/legacy/2025/10/fact-check-afc-m23-transformateur.mp4

Pendant ce temps, le programme NELSAP poursuit ses activités dans la ville de Goma, au Quartier Mugunga, où ces deux transformateurs géants seront installés pour alimenter progressivement les provinces de l’Est de la RDC.

Évaluation des besoins : Les taux d’accès à l’électricité dans la région restent faibles, entre 2 % et 17 % ; en RDC, il est de 4 %. Le Nord-Kivu et le Sud-Kivu cumulent une demande non satisfaite de 115 MW et subissent des ruptures fréquentes de fourniture électrique. Même avec le transformateur à Goma, l’accès à l’électricité reste limité et ne concerne pas toutes les zones sous contrôle de l’AFC/M23.

Valeur ajoutée de la Banque : La BAD a tiré des leçons de l’exécution du projet initial pour mieux ajuster les composantes révisées. Elle a également facilité le maintien des autres bailleurs et le suivi du financement du projet.

Gestion et suivi : La cellule d’exécution du projet fournit des rapports périodiques sur l’évolution des indicateurs, incluant supervision, contrôle des travaux par l’Ingénieur Conseil et audit financier. Ces mécanismes garantissent que le projet avance selon des standards techniques et institutionnels, loin de toute intervention d’un acteur armé.

Des contraintes persistent

Les travaux ont subi des retards dus à la sécurité et aux procédures administratives. L’installation d’un transformateur ne garantit pas une électrification instantanée et totale des zones contrôlées par l’AFC/M23. L’achèvement des lignes, le développement des réseaux locaux et la maintenance restent nécessaires pour améliorer l’accès à l’électricité.

Conclusion

Contrairement aux déclarations de Willy Manzi, l’AFC/M23 n’a pas électrifié toutes les zones sous son contrôle au Nord-Kivu et n’a pas commandé le transformateur. Les avancées techniques observées à Goma résultent d’un projet régional long, multilatéral et institutionnel, financé et suivi par la BAD, NELSAP et la SNEL, et non d’une action unilatérale d’un mouvement armé. Les transformateurs seront installés à Mugunga dans le cadre de ce projet régional pour alimenter progressivement les provinces de l’Est de la RDC.

Daniel Michombero",/__l5e/assets-v1/f11cbef7-89cd-4666-a5ad-eed5a04fa954/WhatsApp-Image-2025-10-28-at-10.19.18-AM.jpeg,,65df35f4-289f-4a06-8b4d-8e3c510c68d3,54e75780-b018-4965-935b-7752e055847c,,publie,2025-10-28 15:17:12+00,,4,f,f,Fact check: l’AFC/M23 n’a pas électrifié les zones occupées ,"Depuis ce lundi 27 octobre 2025, un post du vice-gouverneur rebelle Willy Manzi circule sur les réseaux sociaux. Il y affirme que l’AFC/M23 a électrifié to",0,0,2026-08-02 11:23:55.18853+00,2026-08-04 16:32:18.081933+00
8e86f548-e43a-4ab3-84c1-0edd94def1eb,est-de-la-rdc-une-feuille-de-route-validee-pour-la-restauration-de-lautorite-de-letat,Est de la RDC: Une feuille de route validée pour la restauration de l’autorité de l’Etat.,"La restauration de l’autorité de l’Etat dans les zones affectées par l’occupation rebelle de l’ AFC/M23/RDF à eté au centre des discussions des acteurs étatatiques sous l’initiative du Vice-Premier Ministre de l’Interieur, décentralisation et affaire coutumières. Durant 2 jours…","La restauration de l’autorité de l’Etat dans les zones affectées par l’occupation rebelle de l’ AFC/M23/RDF à eté au centre des discussions des acteurs étatatiques sous l’initiative du Vice-Premier Ministre de l’Interieur, décentralisation et affaire coutumières.

Durant 2 jours et cloturé ce samedi 24 janvier 2025 à Kinshasa, ces acteurs ont largement discutés sur les aspects globaux de la restauration de l’Etat de ces entités sous l’occupation rebelle depuis maintenant 4 ans.

A l’issue des travaux intenses, une feuille de route pour la restauration de l’autorité de l’etat a été validée à en croire l’organisateur « j’ai cloturé l’atelier national ayant abouti à la validation de la feuille de route pour la restauration de l’autorité de l’Etat dans Les zones affecteés par l’occupation du RDF/AFC/M23, une feuille de route qui marque une étape decisive pour la planification, l’operationalisation et la budgétisation du retour de l’administration, de la protection des populations et du retablissement de la confiance entre l’Etat et les citoyens telle qu’exprimée par les accords signés à Washington et à Doha » s’est félicité Jacquemain Shabani Lukoo, Vice-premier ministre de l’Interieur, décentralisation et affaires coutumières.

Il a ajouté que ce document prévoit des mesures concrètes pour l’opérationalisation des services publics, la securisation des territoires et la réhabilitation des institutions locales.

Cette demarche perçue comme une réponse urgente et coordonnee en faveur des populations meurtries se tient dans un contexte des relations tendues entre Kinshasa et Kigali, les deux parties s’accusant mutuellement de ne pas respecter les clauses des accords signés à Washington et Doha l’année dernière.

D’autres acteurs contactés par RéelActu s’interrogent sur l’effectivité de la mise en oeuvre de cette feuille de route dans une zone encore occupée par ces rebelles bien que la pression diplomatique s’intensifie sur elle, l’ayant poussée mi-janvier a se retirer de la ville d’Uvira

» A moins que nos autorités aient un secret sur la fin de cette aggression par ses moyens que nous ignorons mais nous ne voyons pas comment ce plan peut etre mis en oeuvre tant que ces rebelles occupent encore nos entites » s’indigne un deplacé de cette guerre.

Une autre indignation a eté celle des forces vives qui ont decrié le manque de consultation et participation dans ces travaux » Comment expliquer qu’on discute d’àpres guerre et donc la restauration de l’autorités de l’Etat dans nos zones sans représentants de la population qui pourait plaider toute la situation de la population en souffrance? cet isolement m’indigne » s’est inqueté un Defenseur des Droits Humain.

Pourtant selon une source proche des organisateurs de cet atelier, l’étape suivante réunira les acteurs sociaux clés ainsi que les autorités administratives des zones concernérs avant l’effectivité du plan proprement dit.

Justin Bizimana",/__l5e/assets-v1/661dfab5-6802-4b71-bf14-0a215574f432/fghjk-copie.jpg,,578a4dc1-5069-4500-b734-d675df9be940,54e75780-b018-4965-935b-7752e055847c,,publie,2026-01-28 06:47:04+00,,2,f,f,Est de la RDC: Une feuille de route validée pour la restaura,La restauration de l’autorité de l’Etat dans les zones affectées par l’occupation rebelle de l’ AFC/M23/RDF à eté au centre des discussions des acteurs éta,0,0,2026-08-02 11:23:55.18853+00,2026-08-02 12:16:58.243419+00
b0ba9bde-eb59-4d06-bdcf-b60888f32a17,shabunda-airtel-et-vodacom-abandonnent-leurs-antennes-la-population-livree-a-elle-meme,"Shabunda: Airtel et Vodacom abandonnent leurs antennes, la population livrée à elle-même","Depuis près d’un an, plusieurs villages du groupement de Bamuguba-Sud, dans le territoire de Shabunda, vivent sans signal des réseaux de télécommunications Airtel et Vodacom. Une situation qui plonge des milliers d’habitants dans un isolement quasi total et suscite une vive…","Depuis près d’un an, plusieurs villages du groupement de Bamuguba-Sud, dans le territoire de Shabunda, vivent sans signal des réseaux de télécommunications Airtel et Vodacom. Une situation qui plonge des milliers d’habitants dans un isolement quasi total et suscite une vive indignation au sein de la population locale.

Selon plusieurs sources concordantes, les responsables de ces réseaux auraient cessé d’approvisionner leurs antennes en carburant, indispensable au fonctionnement des installations dans cette partie enclavée du Sud-Kivu. À Isezya-Évari et Kigulube, le litre de carburant se négocie actuellement à 15 000 francs congolais, soit environ 300 000 francs congolais pour un bidon de 20 litres, un coût jugé excessif par les opérateurs.

Face à cette déconnexion prolongée, les habitants affirment avoir tenté, à plusieurs reprises, de maintenir les antennes en activité grâce à leurs propres moyens. Des notables locaux, des enseignants ainsi que d’autres membres de la communauté auraient contribué financièrement à l’achat de carburant afin de permettre à la population de continuer à communiquer et d’effectuer certaines opérations financières via le téléphone mobile, notamment le retrait des salaires.

« Pendant un certain temps, ce sont les habitants eux-mêmes qui alimentaient les antennes, tandis que les sociétés concernées restaient silencieuses », confie un habitant de la région.

La population de Bamuguba-Sud, considérée comme l’une des entités les plus peuplées du territoire de Shabunda, dénonce ce qu’elle qualifie d’abandon injustifié. Les habitants rappellent qu’ils continuent pourtant d’acheter régulièrement des unités de communication et de consommer les services de ces opérateurs.

Plusieurs citoyens s’interrogent également sur les raisons de cette situation, alors que dans certaines zones voisines affectées par l’insécurité et les conflits armés, les réseaux téléphoniques demeurent opérationnels.

Actuellement, Bamuguba-Sud ainsi qu’une partie du groupement de Baliga dépendent essentiellement de connexions Wi-Fi privées pour accéder à Internet. Un service jugé inaccessible pour une grande partie de la population en raison de son coût élevé. Le prix d’un gigaoctet varie entre 5 000 et 7 000 francs congolais, avec une durée d’utilisation souvent inférieure à six heures.

Joint par notre rédaction, Nzila Mutuza Akrobo, habitant de Kigulube, estime que cette coupure prolongée vient aggraver des conditions de vie déjà difficiles dans cette partie du Sud-Kivu.

« La population souffre déjà de la guerre à l’Est de la RDC, de la hausse des prix des produits de première nécessité ainsi que du mauvais état de la route Bukavu–Kigulube–Shabunda. Aujourd’hui, l’absence de réseau complique davantage la vie des habitants », déplore-t-il.

Cet habitant appelle les responsables d’Airtel et Vodacom à reprendre rapidement l’approvisionnement de leurs antennes afin de rétablir les communications dans la région. Il invite également les autorités compétentes à s’impliquer pour trouver une solution durable à cette crise qui affecte lourdement la population locale.

Isaka Kijana",/__l5e/assets-v1/10b287b9-608c-4cab-9c82-84f8d08ac0dc/20260518_125142.jpg,,88e488f2-f5d8-42f2-9929-b16c13e10693,54e75780-b018-4965-935b-7752e055847c,,publie,2026-05-18 10:58:32+00,,2,f,f,"Shabunda: Airtel et Vodacom abandonnent leurs antennes, la p","Depuis près d’un an, plusieurs villages du groupement de Bamuguba-Sud, dans le territoire de Shabunda, vivent sans signal des réseaux de télécommunications",0,0,2026-08-02 11:23:55.18853+00,2026-08-02 15:44:30.803199+00
cabccc79-87ac-4470-abc2-8caf01f8707d,rdc-la-haute-cour-militaire-ouvre-un-proces-visant-plusieurs-officiers-superieurs-des-fardc,RDC: la Haute Cour militaire ouvre un procès visant plusieurs officiers supérieurs des FARDC,"La Haute Cour militaire de la République démocratique du Congo a inscrit à son rôle, pour l’audience publique du 4 juin 2026, une affaire mettant en cause plusieurs officiers supérieurs des Forces armées de la RDC (FARDC) ainsi qu’un civil. Selon l’extrait de rôle publié par le…","La Haute Cour militaire de la République démocratique du Congo a inscrit à son rôle, pour l’audience publique du 4 juin 2026, une affaire mettant en cause plusieurs officiers supérieurs des Forces armées de la RDC (FARDC) ainsi qu’un civil.

Selon l’extrait de rôle publié par le greffe de la Haute Cour militaire, le ministère public, représenté par l’Auditeur général près cette juridiction, poursuit dix prévenus, dont d’anciens hauts responsables militaires.

Parmi les personnes citées figurent le général d’armée Christian Tshiwewe Songesha, le général John Numbi Banza Ntambo, le général-major Maurice Nyembo Kufi, les généraux de brigade Chinyabuuma Kamukinde, John Noy wa Kabila et John Sangwa Muhemedi, ainsi que les colonels Guy Mukombozi Zahinda, Pathy Sangwa Lumbu et Christophe Tshibangu Kenge. Le civil Pascal Nyembo Muyumba est également concerné par la procédure.

D’après l’extrait de rôle, les prévenus sont poursuivis notamment pour complot, propagation de faux bruits, apologie du terrorisme, trahison, violation des consignes, désertion à l’étranger, détention illégale d’armes et de munitions de guerre ainsi qu’incitation de militaires à commettre des actes contraires au devoir et à la discipline.

L’audience est prévue à 9 heures dans la salle habituelle des audiences de la Haute Cour militaire, située au rez-de-chaussée du nouveau Palais de justice, dans la commune de la Gombe à Kinshasa.

À ce stade de la procédure, les personnes citées dans l’extrait de rôle bénéficient de la présomption d’innocence jusqu’à une éventuelle décision judiciaire définitive.",/__l5e/assets-v1/e619b5f4-041a-42c5-a724-36269650bfb1/20260602_065945.jpg,,578a4dc1-5069-4500-b734-d675df9be940,54e75780-b018-4965-935b-7752e055847c,,publie,2026-06-02 05:05:10+00,,1,f,f,RDC: la Haute Cour militaire ouvre un procès visant plusieur,"La Haute Cour militaire de la République démocratique du Congo a inscrit à son rôle, pour l’audience publique du 4 juin 2026, une affaire mettant en cause ",0,0,2026-08-02 11:23:55.18853+00,2026-08-02 12:16:58.243419+00
55f681a4-1100-4ea5-8aff-b074dc36821b,cameroun-le-gouvernement-assure-que-paul-biya-est-vivant-et-annonce-son-retour-p,Cameroun : le gouvernement assure que Paul Biya est vivant et annonce son retour prochain,"Pour la première fois depuis le départ du président camerounais Paul Biya le 7 juin dernier, un membre du gouvernement s’est exprimé publiquement afin de répondre aux interrogations grandissantes sur l’absence prolongée du chef de l’État.","Invité de RFI dimanche 2 août, le ministre de la Communication et porte-parole du gouvernement, René Emmanuel Sadi, a affirmé que le président de la République est « en vie » et qu’aucune procédure de vacance du pouvoir n’est engagée.

« Le Conseil constitutionnel ne s’est pas prononcé pour déclarer une vacance du pouvoir à la tête de l’État. Le président Paul Biya est en vie. Le président Paul Biya n’a pas démissionné », a déclaré le ministre, rejetant ainsi les appels de plusieurs responsables de l’opposition qui demandent au Conseil constitutionnel de constater une éventuelle vacance de la présidence.

Interrogé sur le lieu où séjourne actuellement le chef de l’État, René Emmanuel Sadi n’a pas souhaité apporter de précisions. « Je ne peux pas vous dire avec exactitude quand est-ce que le président Paul Biya revient. Et même si je le savais, il ne m’appartient pas de l’annoncer ici. Je peux au moins me permettre de vous dire qu’il revient très bientôt », a-t-il indiqué.

Âgé de 93 ans, Paul Biya dirige le Cameroun depuis 1982, ce qui fait de lui le plus ancien chef d’État en exercice au monde. Le président avait quitté Yaoundé le 7 juin pour ce qui avait été présenté officiellement comme un « court séjour privé en Europe », accompagné de son épouse, Chantal Biya. Depuis son départ, il n’est plus apparu en public, une absence qui constitue la plus longue enregistrée depuis son accession au pouvoir.

Au cours des dernières semaines, plusieurs rumeurs ont circulé concernant son état de santé, évoquant notamment une éventuelle hospitalisation à Genève, en Suisse. Ces informations avaient été officiellement démenties par le gouvernement camerounais, sans qu’aucune autorité suisse ne les confirme.

Malgré l’absence du président, la présidence de la République continue de publier des actes officiels portant sa signature. La publication, le 22 juillet, de plusieurs décrets indiquant « Yaoundé » comme lieu de signature a suscité des interrogations sur les réseaux sociaux, où certains internautes ont remis en question leur authenticité.

Cette situation intervient également dans un contexte institutionnel particulier. En mai 2026, une révision de la Constitution a réintroduit la fonction de vice-président de la République. Plus de trois mois après l’entrée en vigueur de cette réforme, aucun titulaire n’a toutefois été nommé à ce poste, dont la désignation relève exclusivement du président de la République.

Face aux interrogations soulevées par cette absence prolongée, plusieurs juristes et responsables de l’opposition ont appelé le Conseil constitutionnel à examiner la question d’une éventuelle vacance du pouvoir. De son côté, le Rassemblement démocratique du peuple camerounais (RDPC), parti au pouvoir, soutient qu’aucune disposition constitutionnelle ne fixe de durée maximale pour l’absence du chef de l’État hors du territoire national.

En l’absence d’un vice-président, la Constitution prévoit qu’en cas de vacance du pouvoir, l’intérim serait assuré par le président du Sénat, Aboubakary Abdoulaye, jusqu’à l’organisation d’une nouvelle élection présidentielle.

L’absence prolongée de Paul Biya continue d’alimenter les débats politiques au Cameroun, alors que le gouvernement tente de rassurer l’opinion publique sur la continuité des institutions et le fonctionnement normal de l’État.
",/api/public/media/2026/4cb323d7-d172-48cf-a0f7-44234e3dd878.webp,"Le président camerounais Paul Biya participe au Forum de Paris sur la paix, en France, le 12 novembre 2019 [Charles Platiau/Reuters]",a0cf52ad-61e8-4537-8f09-c2d4d8d86980,c4024581-a8d4-4a10-8657-43ec2b68431f,d0cf6ad7-a1a2-4871-871c-44b12548eea8,publie,2026-08-03 16:33:26.777+00,Yaoundé ,3,f,t,"","",0,0,2026-08-03 16:33:26.978602+00,2026-08-03 16:33:26.978602+00
91c18872-52d5-47ae-865e-de652316dd47,rdc-les-femmes-de-la-mine-les-creuseuses-sans-beche,RDC: Les femmes de la mine: les creuseuses sans bêche,"Après une semaine dans différents carrés miniers au Sud-Kivu, Reelactu a rencontré des creseurs dont des femmes et leurs chefs pour comprendre ce qu’elles traversent dans ce secteur. Sur terrain, la situation est alarmante, les coutumes et traditions locales supplantent souvent…","Après une semaine dans différents carrés miniers au Sud-Kivu, Reelactu a rencontré des creseurs dont des femmes et leurs chefs pour comprendre ce qu’elles traversent dans ce secteur.

Sur terrain, la situation est alarmante, les coutumes et traditions locales supplantent souvent la loi. Dans plusieurs territoires miniers comme à Mwenga, Shabunda ou Fizi, la femme est interdite d’accès à certains carrés miniers sous prétexte qu’elle « fait fuir l’or ».

« Le Code minier donne accès aux ressources aussi bien aux hommes qu’aux femmes. Mais dans la pratique, les coutumes pèsent lourdement sur nous. Ces règles ont été taillées à la mesure des hommes », explique Agnès Sadiki, de l’organisation Rien sans les Femmes.

Les femmes représentent entre 20 et 50 % de la main-d’œuvre active dans les zones minières artisanales. Elles sont broyeuses, laveuses, porteuses ou récupératrices de déchets miniers, travaillant souvent dans des conditions inhumaines.

Pour survivre, certaines se tournent vers le petit commerce ou la restauration de fortune, d’autres tombent dans la prostitution. On les appelle avec ironie les « creuseuses sans bêche ».

« Nous sommes dans la souffrance. Nous travaillons dans l’eau, les enfants n’ont plus accès à l’école, nous n’avons rien gagné malgré nos efforts », témoigne Madame Nabakanga Mwenga, twangeuse à Mwenga.

« Nous nous donnons aux hommes pour nourrir nos enfants. L’eau salée dans laquelle nous travaillons nous rend malades », confie Ngaliya Sankule, 23 ans.

Les femmes subissent également des fouilles corporelles humiliantes, des dettes imposées, et un harcèlement sexuel quasi institutionnalisé.

« Les femmes portent des dizaines de kilos de quartz sur leur dos. D’autres broient ces pierres toute la journée, leurs paumes sont plus dures que du fer », décrit Stella Yanda, coordinatrice de l’organisation Initiatives Alpha.

Depuis plus de 30 ans, l’Est de la RDC est ravagé par des conflits armés que finance en grande partie l’exploitation illégale des minerais. Les groupes armés qu’ils soient congolais ou étrangers comme le M23 contrôlent plusieurs zones minières.

Dans ces régions, les femmes sont doublement victimes : exploitées sexuellement et économiquement. Elles doivent parfois céder leurs corps pour obtenir le droit de travailler ou payer une « taxe » aux combattants.

« Pour qu’une femme travaille ici, elle doit d’abord être exploitée sexuellement. C’est la condition d’accès », révèle Christophe Songa, superviseur au site minier de Camp Danger.

L’impunité règne. L’absence d’autorités, de police et de services d’assistance fait que la plupart des cas de viols ou d’abus sont “réglés” à l’amiable, au détriment des victimes.

L’exploitation minière en RDC ne peut plus être considérée comme un simple enjeu économique. Elle est aujourd’hui une question de justice, de dignité et de droits humains.

Les réformes en cours du Code minier et du Code de la famille doivent impérativement intégrer la dimension genre : Reconnaissance et protection : inclure formellement les femmes dans le secteur minier, garantir leur sécurité et prévenir les violences.

Lutte contre l’impunité : sanctionner sévèrement les auteurs d’abus, d’escroqueries et de violences sexuelles.

Développement durable et inclusion : permettre aux femmes d’accéder à la formation, à la gestion et à l’entrepreneuriat minier pour briser le cycle de dépendance.

La RDC est assise sur l’un des plus grands trésors miniers du monde, mais ses citoyens et particulièrement ses femmes n’en récoltent que la souffrance.

Tant que la guerre, la corruption et le patriarcat dicteront leurs lois dans les mines, le pays restera riche de minerais mais pauvre d’humanité.",/__l5e/assets-v1/a85ed393-1389-411d-bdef-93d1f57c64b1/WhatsApp-Image-2025-10-22-at-7.17.55-AM.jpeg,,fe9719a8-01fe-4ec7-a344-f81db679f2d6,54e75780-b018-4965-935b-7752e055847c,,publie,2025-10-22 14:37:09+00,,3,f,f,RDC: Les femmes de la mine: les creuseuses sans bêche,"Après une semaine dans différents carrés miniers au Sud-Kivu, Reelactu a rencontré des creseurs dont des femmes et leurs chefs pour comprendre ce qu’elles ",0,0,2026-08-02 11:23:55.18853+00,2026-08-04 16:32:18.081933+00
a643c267-0964-40e1-85b1-a49378981eec,ebola-a-goma-la-menace-sanitaire-sintensifie-dans-une-ville-isolee-sous-controle-rebelle,Ebola à Goma: la menace sanitaire s’intensifie dans une ville isolée sous contrôle rebelle,La menace d’une propagation du virus Ebola dans la ville de Goma prend une dimension particulièrement alarmante après l’annonce d’un premier cas signalé dans cette ville stratégique du Nord-Kivu actuellement sous contrôle des rebelles du M23 soutenus par le Rwanda. Déjà…,"La menace d’une propagation du virus Ebola dans la ville de Goma prend une dimension particulièrement alarmante après l’annonce d’un premier cas signalé dans cette ville stratégique du Nord-Kivu actuellement sous contrôle des rebelles du M23 soutenus par le Rwanda.

Déjà fragilisée par des mois de conflit, de déplacements massifs de populations et de rupture des circuits sanitaires classiques et financiers avec la fermeture des banques, de l’aéroport international de Goma, la ville fait désormais face à une crise sanitaire potentiellement explosive dans un contexte d’isolement quasi total.

Quelques heures après les alertes autour de ce cas suspect lié à la souche Bundibugyo, les autorités rwandaises ont procédé à la fermeture de leur frontière avec Goma, principal point de sortie et d’approvisionnement de la ville. Cette décision renforce les inquiétudes autour de l’accès aux soins, à l’aide humanitaire et aux intrants médicaux nécessaires à la riposte.

Dans les structures sanitaires locales, des professionnels de santé redoutent un scénario critique si des mesures logistiques urgentes ne sont pas prises pour éviter une rupture de la chaîne de prise en charge.

« Sans corridor humanitaire et sans accès aérien opérationnel, la riposte risque d’être gravement compromise », confie une source médicale présente à Goma.

Dans ce contexte, plusieurs voix s’élèvent pour demander l’ouverture urgente de l’aéroport international de Goma afin de permettre l’acheminement du personnel qualifié, des équipements de protection, des laboratoires mobiles et des médicaments essentiels.

La situation est d’autant plus préoccupante qu’aucun vaccin ni traitement spécifique n’existe actuellement contre la souche Bundibugyo. Toutefois, l’Institut national de recherche biomédicale (INRB) appelle à éviter la panique. Le professeur Jean-Jacques Muyembe rappelle que la RDC a déjà réussi à maîtriser plusieurs flambées d’Ebola sans vaccin.

Selon le ministre de la Santé Samuel Roger Kamba, plus de 350 cas suspects et 91 décès probables ont déjà été recensés en Ituri, principalement à Bunia et Mongwalu, épicentres actuels de l’épidémie.

Alors que la peur gagne progressivement les habitants de Goma, les acteurs sanitaires craignent que l’enclavement de la ville ne transforme une crise épidémique localisée en urgence régionale majeure.

Tamende Glody",/__l5e/assets-v1/4cf8d880-3611-47f3-bdbb-b7a7477636d9/IMG-20260518-WA0003.jpg,,483c6016-e901-488d-ba50-48aad757557c,54e75780-b018-4965-935b-7752e055847c,,publie,2026-05-18 06:34:16+00,,2,f,f,Ebola à Goma: la menace sanitaire s’intensifie dans une vill,La menace d’une propagation du virus Ebola dans la ville de Goma prend une dimension particulièrement alarmante après l’annonce d’un premier cas signalé da,0,0,2026-08-02 11:23:55.18853+00,2026-08-04 16:32:18.081933+00
edfaa379-dbc8-41cd-b17d-9d38209b6935,ebola-en-ituri-roger-kamba-brise-le-silence-et-appelle-a-cesser-de-croire-aux-maladies-mystiques,Ebola en Ituri: Roger Kamba brise le silence et appelle à “cesser de croire aux maladies mystiques”,"Le gouvernement congolais tente d’éviter le pire. Trois jours seulement après la confirmation officielle du diagnostic d’Maladie à virus Ebola, le ministre de la Santé, Roger Kamba, s’est rendu personnellement en Ituri pour superviser la riposte sanitaire et envoyer un message…","Le gouvernement congolais tente d’éviter le pire. Trois jours seulement après la confirmation officielle du diagnostic d’Maladie à virus Ebola, le ministre de la Santé, Roger Kamba, s’est rendu personnellement en Ituri pour superviser la riposte sanitaire et envoyer un message de fermeté à la population.

« Ce n’est pas une maladie mystique », a martelé le ministre, dénonçant implicitement les croyances et les rumeurs qui freinent souvent la prise en charge rapide des malades lors des précédentes flambées épidémiques en République démocratique du Congo.

Face à la presse et aux autorités locales, Roger Kamba a insisté sur l’urgence de collaborer avec les équipes médicales : « Faites-vous connaître pour qu’on vous prenne en charge et pour éviter que la maladie se généralise. »

Une riposte déclenchée en urgence

Le ministre a voulu démontrer la rapidité de la réaction gouvernementale. Selon lui, le diagnostic a été confirmé jeudi soir, avant une déclaration officielle le lendemain. Dès lors, des équipes médicales ont été déployées dans les zones touchées pour effectuer les prélèvements, organiser les enquêtes sanitaires et préparer les centres de traitement.

Trois sites stratégiques ont déjà été identifiés à Rampara, Mongwalu et Bunia pour accueillir les structures de prise en charge. Des tentes médicales, du matériel d’urgence et des ressources humaines spécialisées ont été acheminés sur place afin de renforcer les capacités sanitaires locales déjà sous forte pression.

59 malades hospitalisés, plus de 350 cas suspects

Le bilan communiqué par le ministre révèle une situation préoccupante. À ce stade, 59 patients sont activement pris en charge dans les structures sanitaires, tandis qu’environ 350 cas suspects font l’objet d’investigations.

Autre chiffre alarmant : 91 décès probables ont déjà été signalés. Toutefois, le ministre appelle à la prudence sur ce bilan, précisant que toutes les victimes ne sont pas encore officiellement confirmées comme étant liées à Ebola.

« Avec les investigations, nous allons déterminer les causes exactes. Il pourrait y avoir moins de décès liés à Ebola que ce qui est actuellement rapporté », a-t-il expliqué.

“Le traitement est gratuit”

Conscient de la peur et de la méfiance qui accompagnent souvent les épidémies, Roger Kamba a tenté de rassurer les populations : la prise en charge est entièrement gratuite et les soins seront renforcés dans les prochains jours.

Le gouvernement affirme également maintenir une surveillance continue de la cartographie des risques afin d’adapter rapidement sa stratégie de riposte selon l’évolution de la situation.

Daniel Michombero",/__l5e/assets-v1/9c42cdf7-b069-415b-8c4e-8d747baeb928/20260518_042140.png,,cc3b3143-d2ab-4b75-8add-e0a121fb1b1f,54e75780-b018-4965-935b-7752e055847c,,publie,2026-05-17 20:53:20+00,,2,f,f,Ebola en Ituri: Roger Kamba brise le silence et appelle à “c,"Le gouvernement congolais tente d’éviter le pire. Trois jours seulement après la confirmation officielle du diagnostic d’Maladie à virus Ebola, le ministre",0,0,2026-08-02 11:23:55.18853+00,2026-08-02 12:16:58.243419+00
c1b9a221-82b3-47a3-94ba-33105eb3e8dd,visa-americain-la-rdc-n-est-pas-concernee-par-la-caution-obligatoire-de-10-000-a,Visa américain : la RDC n’est pas concernée par la caution obligatoire de 10 000 à 20 000 dollars,"Contrairement à des informations largement relayées ces derniers jours par plusieurs médias internationaux, la République démocratique du Congo (RDC) ne figure pas sur la liste officielle des pays dont les ressortissants peuvent être soumis à une caution de 10 000 à 20 000 dollars américains pour l’obtention d’un visa touristique ou d’affaires (B-1/B-2) des États-Unis.","Le Département d’État américain a rendu permanent, à compter du 3 août 2026, son programme de caution pour certaines demandes de visas. Cette mesure autorise les agents consulaires à exiger, au cas par cas, le versement d’une garantie financière comprise entre 10 000 et 20 000 dollars auprès des ressortissants de 50 pays, principalement africains, considérés comme présentant un risque élevé de dépassement de la durée de séjour autorisée. 

Toutefois, la République démocratique du Congo ne figure pas sur la liste officielle publiée par le Département d’État américain. Cette liste comprend notamment la Côte d’Ivoire, le Sénégal, le Nigeria, l’Éthiopie, l’Ouganda et la Zambie, entre autres, mais pas la RDC. 

Une confusion relayée par plusieurs médias

La confusion est née après la publication d’articles par certains médias internationaux, dont RFI, AllAfrica et TV5 Monde, qui ont mentionné par erreur la RDC parmi les pays concernés, parfois en reprenant également le Ghana dans leurs listes. Or, cette affirmation ne correspond pas à la liste officielle diffusée par les autorités américaines. 

En conséquence, les citoyens congolais continuent d’être soumis aux procédures habituelles pour les demandes de visas américains de type B-1/B-2, sans application automatique de cette caution financière.

Une mesure destinée à lutter contre les dépassements de séjour

Selon Washington, cette politique vise à réduire les cas de dépassement de la durée de validité des visas. Les agents consulaires disposent d’un pouvoir discrétionnaire pour imposer cette caution aux demandeurs issus des pays concernés. Si le voyageur respecte les conditions de son séjour et quitte les États-Unis dans les délais prévus, la somme versée est restituée. En revanche, elle peut être conservée par les autorités américaines en cas de non-respect des conditions du visa. 

Cette réforme porte le plafond de la caution de 15 000 à 20 000 dollars, tandis que le montant minimum passe de 5 000 à 10 000 dollars, renforçant ainsi le dispositif mis en place à titre pilote en 2025. 

La précision

À ce jour, aucune disposition officielle n’impose cette caution aux ressortissants de la République démocratique du Congo. Toute information affirmant le contraire ne reflète pas la liste officielle publiée par le Département d’État des États-Unis. 
",/api/public/media/2026/f176954b-6431-40c9-8817-b5868b3bc85c.webp,"Un demandeur de visa devant un guichet consulaire de l’ambassade des États-Unis, illustrant les nouvelles règles américaines en matière de visas. Droits tiers",65df35f4-289f-4a06-8b4d-8e3c510c68d3,c4024581-a8d4-4a10-8657-43ec2b68431f,d0cf6ad7-a1a2-4871-871c-44b12548eea8,publie,2026-08-04 15:44:58.224+00,Etas-Unis,3,t,f,"","",0,0,2026-08-04 15:44:58.355133+00,2026-08-04 16:32:18.081933+00
3b2a5649-878c-4f07-9f42-b6846efeab02,journee-mondiale-de-la-liberte-de-la-presse-dune-voix-de-bukavu-a-la-communication-humanitaire-le-parcours-dyves-ndjadi-lopongo,"Journée mondiale de la liberté de la presse: d’une voix de Bukavu à la communication humanitaire, le parcours d’Yves Ndjadi Lopongo","À l’occasion de la Journée mondiale de la liberté de la presse, célébrée chaque mois de mai, notre rédaction consacre un portrait aux trajectoires de journalistes congolais dont les voix ont marqué l’espace médiatique avant de s’inscrire dans d’autres domaines de la…","À l’occasion de la Journée mondiale de la liberté de la presse, célébrée chaque mois de mai, notre rédaction consacre un portrait aux trajectoires de journalistes congolais dont les voix ont marqué l’espace médiatique avant de s’inscrire dans d’autres domaines de la communication. Parmi eux, Yves Ndjadi Lopongo, ancien journaliste de Bukavu devenu professionnel de la communication humanitaire internationale.

Voix familière des auditeurs de la radio, Yves Ndjadi Lopongo a d’abord exercé comme journaliste à Bukavu, où il a contribué à la production de contenus sociaux et politiques. Il est notamment passé par plusieurs rédactions locales, occupant des fonctions de rédaction et de présentation d’émissions d’information et de débats.

Il a également été correspondant de la radio Top Congo FM à Bukavu, où sa voix accompagnait des reportages ancrés dans les réalités sociales et politiques de l’est de la République démocratique du Congo. Ces contenus, diffusés à l’échelle nationale, abordaient des thématiques de gouvernance, de société et de vie quotidienne dans une région souvent au cœur de l’actualité.

« C’était une période où le journalisme de terrain avait un impact direct. Les auditeurs attendaient des récits proches de leur vécu », confie-t-il en revenant sur ses années dans les médias.

Dans ce paysage médiatique, il participe également à des émissions de débats et de société au sein de médias locaux, contribuant à faire émerger des espaces de discussion publique dans un contexte souvent tendu.

Progressivement, son parcours s’ouvre à des collaborations avec des structures engagées dans le développement des médias et la formation journalistique. Il travaille notamment avec des organisations impliquées dans la production de contenus médiatiques et l’accompagnement de jeunes journalistes, où il commence à occuper un rôle de formateur.

C’est à l’École technique de journalisme de Bukavu qu’il s’investit particulièrement dans la transmission de son expérience. Plusieurs anciens étudiants évoquent aujourd’hui son rôle dans leur parcours professionnel. Parmi eux, le journaliste Hugor Tamwe, qui souligne son influence dans leur apprentissage du journalisme de terrain et de la rigueur professionnelle.

« Il insistait sur la responsabilité du journaliste face à l’information, surtout dans les contextes sensibles », rapporte-t-il.

Au fil des années, Yves Ndjadi Lopongo s’oriente vers la communication en contexte de crise, un domaine qu’il découvre à travers les réalités humanitaires de l’est de la RDC. Il participe alors à la gestion de la communication dans des situations d’urgence, où l’information devient un outil essentiel de coordination et de sensibilisation.

« En situation de crise, la communication ne consiste pas seulement à informer, mais aussi à éviter la confusion et à renforcer la confiance », explique-t-il dans plusieurs interventions médiatiques consacrées aux enjeux humanitaires.

Ce parcours le conduit ensuite à évoluer hors de son pays. Après plusieurs années en République démocratique du Congo, il travaille dans différents contextes internationaux, notamment au Soudan et en France, avant de s’installer au Tchad, où il occupe aujourd’hui des fonctions de responsabilité dans le département de la communication d’une organisation humanitaire internationale. Il y pilote la stratégie de communication et la coordination des messages dans des contextes marqués par des crises sanitaires et des déplacements de populations.

Dans ce rôle, il insiste sur l’adaptation des messages aux réalités locales : « Une communication efficace est celle qui comprend le terrain et les personnes à qui elle s’adresse. »

Auteur de l’ouvrage Les Masques du destin : entre pouvoir et manipulation, il poursuit également une réflexion sur les relations entre information, société et pouvoir.

Ce portrait, réalisé à l’occasion de la Journée mondiale de la liberté de la presse, s’inscrit dans une série consacrée à ces trajectoires de journalistes devenus communicants, ces voix autrefois entendues à la radio et ces visages familiers de l’information télévisée, aujourd’hui engagés autrement dans l’espace public et l’action humanitaire.",/__l5e/assets-v1/552c9efb-b108-4d8e-a3d3-b2f0aaf916f5/IMG-20260626-WA0019-1.jpg,,83a1c6b5-fb20-4b26-9cdd-9c5370cd95c2,54e75780-b018-4965-935b-7752e055847c,,publie,2026-06-26 18:42:44+00,,3,t,f,Journée mondiale de la liberté de la presse: d’une voix de B,"À l’occasion de la Journée mondiale de la liberté de la presse, célébrée chaque mois de mai, notre rédaction consacre un portrait aux trajectoires de journ",0,0,2026-08-02 11:23:55.18853+00,2026-08-04 16:32:18.081933+00
bf35a2ca-bf54-446c-b041-0f7fa7b5e0e3,ebola-bundibugyo-loms-declenche-une-urgence-sanitaire-internationale,#Ebola Bundibugyo: l’OMS déclenche une urgence sanitaire internationale,"L’Organisation mondiale de la santé a déclaré, samedi 16 mai, que l’épidémie de maladie à virus Ebola de souche Bundibugyo qui touche la République démocratique du Congo et l’Ouganda constitue désormais une « urgence de santé publique de portée internationale » (USPPI).…","L’Organisation mondiale de la santé a déclaré, samedi 16 mai, que l’épidémie de maladie à virus Ebola de souche Bundibugyo qui touche la République démocratique du Congo et l’Ouganda constitue désormais une « urgence de santé publique de portée internationale » (USPPI). L’organisation précise toutefois que la situation ne répond pas, à ce stade, aux critères d’une urgence pandémique.

Selon les données communiquées par l’OMS, le bilan provisoire fait état de 8 cas confirmés en laboratoire, 246 cas suspects et 80 décès signalés dans la province de l’Ituri, principalement dans les zones de santé de Bunia, Rwampara et Mongbwalu. Deux cas confirmés, dont un décès, ont également été recensés à Kampala, tandis qu’un autre cas a été détecté à Kinshasa chez une personne revenant d’Ituri.

L’OMS justifie cette décision par plusieurs facteurs préoccupants, notamment l’absence de vaccin et de traitement homologués contre la souche Bundibugyo, le taux élevé de positivité observé sur les premiers échantillons analysés ainsi que les risques accrus de propagation liés à l’insécurité persistante, aux déplacements massifs de populations et à la forte mobilité urbaine dans les zones touchées.

@WHO a par ailleurs exhorté les États à éviter toute fermeture des frontières ou interruption des échanges commerciaux, estimant que de telles mesures « n’ont aucune base scientifique » et pourraient compliquer davantage le contrôle sanitaire en favorisant des passages informels non surveillés.",/__l5e/assets-v1/32f99bad-3087-4617-b4ae-2ccb2721759a/IMG-20260517-WA0000.jpg,,483c6016-e901-488d-ba50-48aad757557c,54e75780-b018-4965-935b-7752e055847c,,publie,2026-05-17 06:20:45+00,,1,f,f,#Ebola Bundibugyo: l’OMS déclenche une urgence sanitaire int,"L’Organisation mondiale de la santé a déclaré, samedi 16 mai, que l’épidémie de maladie à virus Ebola de souche Bundibugyo qui touche la République démocra",0,0,2026-08-02 11:23:55.18853+00,2026-08-02 15:44:30.803199+00
c5db1ec3-49ab-4057-9c63-b379c3de734a,ebola-en-ituri-comprendre-les-pratiques-funeraires-pour-eviter-les-resistances-communautaires,Ebola en Ituri: comprendre les pratiques funéraires pour éviter les résistances communautaires,"Alors que la riposte contre l’épidémie d’Ebola se poursuit en Ituri, des chercheurs et spécialistes réunis au sein du « Collectif pour l’Ituri » appellent les autorités sanitaires et les partenaires de santé à placer les communautés au cœur de la réponse. Dans une note…","Alors que la riposte contre l’épidémie d’Ebola se poursuit en Ituri, des chercheurs et spécialistes réunis au sein du « Collectif pour l’Ituri » appellent les autorités sanitaires et les partenaires de santé à placer les communautés au cœur de la réponse. Dans une note contextuelle publiée le 2 juin 2026, ils soulignent que la compréhension des pratiques funéraires locales constitue un élément déterminant pour limiter la propagation du virus tout en évitant les tensions avec les populations.

Les funérailles, un enjeu sanitaire majeur

La maladie à virus Ebola se transmet notamment par contact direct avec les personnes malades ou avec les corps des personnes décédées. Les rites funéraires traditionnels, qui impliquent souvent la toilette mortuaire, l’habillage du défunt, les derniers hommages et parfois le contact physique avec le corps, représentent donc un moment particulièrement sensible dans la chaîne de transmission.

Les chercheurs insistent cependant sur un point souvent mal compris : la simple présence à des funérailles ne constitue pas en elle-même un risque élevé. Ce sont surtout certains gestes précis, notamment la manipulation du corps et l’exposition aux fluides corporels, qui présentent un danger.

Les femmes figurent parmi les personnes les plus exposées, en raison de leur rôle central dans les soins apportés aux malades et dans la préparation des défunts avant l’enterrement.

Associer les familles plutôt que les exclure

L’une des principales recommandations de la note consiste à éviter une approche autoritaire ou exclusivement sécuritaire des enterrements.

Selon les auteurs, les familles ne doivent pas être considérées comme un obstacle à la riposte, mais comme des partenaires indispensables. Lorsque les proches sont tenus à l’écart des décisions ou empêchés de voir le corps du défunt, la méfiance s’installe rapidement.

Dans plusieurs communautés de l’Ituri, l’impossibilité de voir le corps peut alimenter des rumeurs de prélèvements d’organes, de disparition du défunt ou d’autres pratiques supposées occultes. Ces suspicions s’inscrivent dans un contexte historique marqué par la défiance envers les institutions et les interventions extérieures.

Les experts recommandent ainsi de permettre, lorsque les conditions de sécurité le permettent, une inspection visuelle du corps par certains membres de la famille, sans contact physique, afin de garantir la transparence du processus.

Prendre en compte la dimension sociale des funérailles

En Ituri, les funérailles dépassent largement le cadre religieux ou familial. Elles constituent un événement social majeur où se règlent parfois des questions de succession, de dot, d’héritage ou de conflits familiaux anciens.

Un enterrement peut ainsi être retardé ou perturbé par des différends qui n’ont aucun lien avec Ebola. Dans certains cas, les équipes de la riposte risquent d’être prises à partie alors que les tensions trouvent en réalité leur origine dans des litiges préexistants.

Les auteurs recommandent donc d’identifier à l’avance les situations potentiellement conflictuelles et de dialoguer avec les personnes reconnues comme autorités familiales ou coutumières.

Le défi du transport des corps

La note attire également l’attention sur une pratique profondément ancrée dans les habitudes locales : le rapatriement des dépouilles vers le village d’origine.

De nombreuses familles considèrent comme essentiel que leurs proches soient enterrés sur la terre ancestrale, même lorsque cela implique un long déplacement. En période d’épidémie, ces transports sont interdits en raison du risque sanitaire. Toutefois, les chercheurs estiment que leur importance symbolique pourrait favoriser leur poursuite dans la clandestinité.

Cette réalité doit être anticipée par les équipes de terrain afin d’éviter des confrontations inutiles avec les communautés.

Miser sur les leaders religieux et coutumiers

Les auteurs soulignent le rôle crucial que peuvent jouer les chefs coutumiers, les responsables religieux et les notables locaux dans l’acceptation des mesures sanitaires.

Lorsque les messages de prévention sont relayés par des figures de confiance issues de la communauté, ils sont généralement mieux compris et davantage respectés que lorsqu’ils apparaissent comme des injonctions venues de l’extérieur.

La sensibilisation par les radios locales, les églises, les mosquées et les leaders d’opinion est ainsi présentée comme un levier essentiel pour réduire les résistances.

Humaniser la riposte

Au-delà des aspects techniques, la note appelle à une riposte plus humaine. Les chercheurs recommandent aux équipes chargées des enterrements dignes et sécurisés de prendre le temps d’écouter les familles, de leur présenter des condoléances et de les associer aux décisions concernant les vêtements du défunt, le lieu de sépulture ou le déroulement de la cérémonie.

Selon eux, la rapidité imposée par les impératifs sanitaires ne doit pas être perçue comme un manque de respect envers les morts et leurs proches.

« Plus les familles sont associées au processus, moins elles vivent l’enterrement comme une dépossession », résument les auteurs.

Une leçon des précédentes épidémies

L’expérience des précédentes flambées d’Ebola en Afrique montre que les réponses sanitaires les plus efficaces sont celles qui s’appuient sur les savoirs locaux plutôt que celles qui cherchent à les contourner.

Pour les chercheurs du Collectif pour l’Ituri, la lutte contre Ebola ne repose pas uniquement sur les mesures médicales. Elle dépend aussi de la capacité des autorités sanitaires à comprendre les réalités sociales, culturelles et familiales qui entourent la maladie et la mort.

Dans un contexte marqué par la méfiance et la circulation des rumeurs, le dialogue, la transparence et le respect des communautés apparaissent ainsi comme des outils aussi essentiels que les mesures de biosécurité elles-mêmes.",/__l5e/assets-v1/6af89df9-6eb2-4a17-9be5-dfdbc65781fe/IMG-20260602-WA0103.jpg,,483c6016-e901-488d-ba50-48aad757557c,54e75780-b018-4965-935b-7752e055847c,,publie,2026-06-02 20:05:06+00,,4,f,f,Ebola en Ituri: comprendre les pratiques funéraires pour évi,"Alors que la riposte contre l’épidémie d’Ebola se poursuit en Ituri, des chercheurs et spécialistes réunis au sein du « Collectif pour l’Ituri » appellent ",0,0,2026-08-02 11:23:55.18853+00,2026-08-02 15:44:30.803199+00
82279aeb-fa79-4211-8435-0b55b8b56844,ebola-en-rdc-lituri-demeure-lepicentre-avec-plus-de-320-cas-confirmes,Ebola en RDC: l’Ituri demeure l’épicentre avec plus de 320 cas confirmés,"L’épidémie de la maladie à virus Ebola demeure active dans l’est de la République démocratique du Congo, avec un total cumulé de 321 cas confirmés enregistrés au 31 mai 2026, selon le dernier rapport de situation publié le 1er juin par les autorités sanitaires. Les données…","L’épidémie de la maladie à virus Ebola demeure active dans l’est de la République démocratique du Congo, avec un total cumulé de 321 cas confirmés enregistrés au 31 mai 2026, selon le dernier rapport de situation publié le 1er juin par les autorités sanitaires.

Les données épidémiologiques font également état de 48 décès parmi les cas confirmés, tandis que 238 patients sont actuellement pris en charge. Au cours de la journée du 31 mai, six nouvelles guérisons ont été enregistrées et 12 nouveaux cas confirmés ont été notifiés.

Trois provinces sont touchées par l’épidémie : l’Ituri, le Nord-Kivu et le Sud-Kivu. L’Ituri reste la province la plus affectée, avec 15 zones de santé concernées sur les 36 que compte la province. La zone de santé de Logo figure désormais parmi les nouvelles zones touchées, portant à 23 le nombre total de zones de santé affectées dans les trois provinces.

Les autorités sanitaires soulignent que la maladie continue de représenter une menace de propagation. Au total, 116 cas suspects sont encore en cours d’investigation et 104 personnes demeurent en isolement. Le taux de suivi des contacts reste limité à 43 %, un indicateur jugé préoccupant pour le contrôle de la transmission.

Sur le terrain, plusieurs avancées ont néanmoins été enregistrées. Quatre patients guéris ont quitté le Centre médical évangélique de Bunia, tandis que le Centre de traitement Ebola de Rwampara a été officiellement inauguré afin de renforcer la capacité de prise en charge. Les équipes de riposte ont également reçu 162 poches de sang destinées aux soins transfusionnels ainsi que 30 motos fournies par le gouvernement central pour améliorer la surveillance et la coordination des interventions.

Les autorités sanitaires appellent les communautés à renforcer leur collaboration avec les équipes de riposte. Elles déplorent la persistance de résistances communautaires à Bunia et à Nizi ainsi que la circulation de rumeurs qui compliquent les opérations de surveillance et la prise en charge des malades.

Malgré une situation sécuritaire relativement calme à Bunia et à Rwampara, l’insécurité continue de limiter l’accès humanitaire dans plusieurs zones affectées, compliquant davantage les efforts de lutte contre l’épidémie.",/__l5e/assets-v1/31759ca2-afa3-48dc-a322-10c392925b39/IMG-20260602-WA0003.jpg,,483c6016-e901-488d-ba50-48aad757557c,54e75780-b018-4965-935b-7752e055847c,,publie,2026-06-02 05:28:14+00,,2,f,f,Ebola en RDC: l’Ituri demeure l’épicentre avec plus de 320 c,"L’épidémie de la maladie à virus Ebola demeure active dans l’est de la République démocratique du Congo, avec un total cumulé de 321 cas confirmés enregist",0,0,2026-08-02 11:23:55.18853+00,2026-08-02 15:44:30.803199+00
80cfcd2c-4a03-4d1e-82c5-4e7c666ccfb0,rutshuru-un-jeune-de-24-ans-tue-a-kabaya-par-les-rebelles-du-m23,Rutshuru: Un jeune de 24 ans tué à Kabaya par les rebelles du M23.,"Un jeune nommé Hatangimana Ntuyenabo âgé de 24 ans à été tué par balle ce samedi 23 mai 2026 à 20h dans la localité de Kabaya, groupement de Kisigari en Territoire de Rutshuru. Selon nos sources, ce jeune originaire de ce village revenait il ya une","Un jeune nommé Hatangimana Ntuyenabo

âgé de 24 ans à été tué par balle ce samedi 23 mai 2026 à 20h dans la localité de Kabaya, groupement de Kisigari en Territoire de Rutshuru.

Selon nos sources, ce jeune originaire de ce village revenait il ya une semaine de Kampala en ouganda où il sejournait depuis plusieurs années pour des raisons d’occupations.

Au soir de ce samedi, ce jeune qui prenait une bouteille dans un bistron de la place a été abbatu par des hommes en armes en tenue militaire assimilés aux combatants du M23 qui occueant cette zone.

« des militaires ont fait incursion dans une buvette et ont abbatu un jeune qu’ils ont suspecté d’etre non résident de notre l’entité, ils l’ont tiré des balles sans demander plus d’explications » a révelé un leader communautaire de kabaya et ayant recquis l’anonymat pour des raisons de securité.

La victime en état critique a eté acheminée au centre de santé de Kabaya où il a sucombé de ses blesures quelques heures après.

Sa famille aurait tentée d’avoir des explications sur les circonstances de sa mort ainsi que les auteurs de cet assassinat mais en vain, a conclu notre source.

Justin Bizimana",/__l5e/assets-v1/c705b406-3c08-4799-b7cf-bc777d233f99/IMG-20260525-WA0006.jpg,,578a4dc1-5069-4500-b734-d675df9be940,54e75780-b018-4965-935b-7752e055847c,,publie,2026-05-25 11:01:22+00,,1,f,f,Rutshuru: Un jeune de 24 ans tué à Kabaya par les rebelles d,"Un jeune nommé Hatangimana Ntuyenabo âgé de 24 ans à été tué par balle ce samedi 23 mai 2026 à 20h dans la localité de Kabaya, groupement de Kisigari en Te",0,0,2026-08-02 11:23:55.18853+00,2026-08-02 12:16:58.243419+00
e463f4cb-df6e-4aa1-ad67-8671da7b9656,les-fardc-nont-pas-cible-la-communaute-banyamulenge-a-uvira,Les FARDC n’ont pas ciblé la communauté Banyamulenge à Uvira,"Dans un article publié le 20 janvier 2026, le site Kivu Morning Post affirme que les Forces armées de la République démocratique du Congo (FARDC) auraient mené des « violences ciblées » contre la communauté Banyamulenge à Uvira, après le retrait des rebelles du M23 le 17…","Dans un article publié le 20 janvier 2026, le site Kivu Morning Post affirme que les Forces armées de la République démocratique du Congo (FARDC) auraient mené des « violences ciblées » contre la communauté Banyamulenge à Uvira, après le retrait des rebelles du M23 le 17 janvier.

Ce que nous avons vérifié :

Cette accusation repose notamment sur une photographie censée illustrer des exactions commises à Uvira. Or, après vérification, cette image a été publiée pour la première fois le 7 janvier 2020 et provient de Fizi, dans le Sud-Kivu. Elle est donc antérieure de plusieurs années aux événements évoqués et ne peut en aucun cas prouver des faits survenus en janvier 2026 à Uvira.

https://congocheck.net/cette-photo-prise-a-fizi-en-2020-na-aucun-lien-avec-les-elements-m23-arretes-a-rutshuru/

L’utilisation d’une image sortie de son contexte constitue une manipulation visuelle, fréquemment observée dans les campagnes de désinformation liées au conflit dans l’Est de la RDC. Présenter une photo ancienne comme preuve d’événements récents fausse la compréhension du public et jette un doute sérieux sur la crédibilité de l’allégation.

Ce que disent les sources locales :

À l’inverse, plusieurs médias locaux indépendants rapportent que les FARDC ont déployé des dispositifs de protection à Uvira, y compris en faveur des familles Banyamulenge qui ont refusé d’être instrumentalisées par les rebelles du M23.

Selon ces sources, l’armée congolaise sécurise les quartiers sensibles et accompagne les communautés dans une reprise progressive de la vie normale.

Des reportages publiés le même jour indiquent que des familles Banyamulenge ont été présentées publiquement par les FARDC dans un cadre sécurisé, attestant qu’elles se trouvaient sous protection et non sous menace.

https://jicholakivu.com/index.php/2026/01/20/sud-kivu-sous-protection-des-fardc-les-communautes-renouent-avec-la-vie-a-uvira/

Autre élément clé :

Plusieurs familles Banyamulenge, y compris issues de la diaspora, ont dénoncé la déportation de certains membres de leur communauté vers le Rwanda à des fins politiques. Ces témoignages contredisent la thèse d’une persécution systématique par les forces congolaises et renforcent l’idée d’une instrumentalisation communautaire dans la communication des groupes armés et de leurs relais médiatiques.

https://x.com/michombero/status/2012845678599279051?s=46

Conclusion : Faux / Trompeur

Aucune preuve indépendante ne confirme que les FARDC aient mené des violences ciblées contre la communauté Banyamulenge à Uvira en janvier 2026.

L’article de Kivu Morning Post s’appuie sur une image ancienne, sans lien avec les faits allégués, et omet les informations concordantes issues des médias locaux faisant état d’une protection des familles Banyamulenge par les FARDC.

Cette publication est donc trompeuse et s’inscrit dans une narration déjà observée dans l’espace numérique, visant à justifier la présence du M23 et de ses soutiens en présentant l’État congolais comme persécuteur d’une communauté spécifique, sans fondement factuel vérifié.

Daniel Michombero",/__l5e/assets-v1/9a92f568-80cb-4ace-a036-fa2a38866262/20260120_184742.jpg,,65df35f4-289f-4a06-8b4d-8e3c510c68d3,54e75780-b018-4965-935b-7752e055847c,,publie,2026-01-20 16:52:12+00,,2,f,f,Les FARDC n’ont pas ciblé la communauté Banyamulenge à Uvira,"Dans un article publié le 20 janvier 2026, le site Kivu Morning Post affirme que les Forces armées de la République démocratique du Congo (FARDC) auraient ",0,0,2026-08-02 11:23:55.18853+00,2026-08-04 16:32:18.081933+00
c75043a1-fff1-4365-a0ae-ff8f83d82098,rdc-a-uvira-la-cohabitation-pacifique-au-coeur-de-la-strategie-de-felix-tshisekedi,"RDC: à Uvira, la cohabitation pacifique au cœur de la stratégie de Félix Tshisekedi","Depuis son accession à la magistrature suprême, la cohabitation pacifique entre communautés s’est imposée comme l’un des piliers de la politique du président Félix Tshisekedi pour la stabilisation durable du pays en général, et de l’Est de la République démocratique du Congo en…","Depuis son accession à la magistrature suprême, la cohabitation pacifique entre communautés s’est imposée comme l’un des piliers de la politique du président Félix Tshisekedi pour la stabilisation durable du pays en général, et de l’Est de la République démocratique du Congo en particulier. Convaincu que la paix sociale constitue un levier essentiel du développement national, le chef de l’État a choisi de traduire cette vision en actions concrètes sur le terrain.

C’est dans ce cadre qu’une délégation composée 2 collaborateurs très proches du chef de l’État en matière de sécurité et un chargé de mission du chef de l’État en charge des questions communautaires et identitaires dans la partie orientale de la RDC a été dépêchée dans l’Est du pays. Pendant trois jours consécutifs, cette équipe a mené une série de rencontres afin de s’assurer de la mise en œuvre effective des mesures gouvernementales, notamment dans les secteurs de la défense et de la sécurité, du respect du droit international humanitaire (DIH) et de la cohabitation pacifique entre les communautés. Devant les militaires déployés au front, la délégation a mis l’accent sur le renforcement du moral des troupes. Elle a rappelé l’importance de la discipline, du respect de l’éthique militaire et du rejet de toute forme de tribalisme, d’exclusion fondée sur l’appartenance ethnique ou l’origine linguistique. La délégation a également insisté sur le comportement attendu des militaires et sur la mission fondamentale de l’armée, qui consiste à défendre l’intégrité territoriale et à protéger les populations civiles.

« Sachez que vos efforts consentis depuis le début de cette guerre jusqu’à aujourd’hui sont considérés par le Président de la République, qui vous félicite et vous encourage à défendre la nation jusqu’au sacrifice suprême. Il nous a envoyés pour vous témoigner sa considération envers chacun d’entre vous. Sentez-vous à l’aise de nous partager vos besoins, ils seront traités avec intérêt », a déclaré l’un des collaborateurs du Président.

Lors des échanges avec l’ensemble des communautés, la délégation a réaffirmé la nécessité du vivre-ensemble, appelant à la lutte contre les discours de haine ethnique et toute forme d’exclusion sociale, considérés comme des facteurs majeurs d’instabilité et de division.

« Le Président de la République nous a demandé de venir vous parler de l’unité et de la cohésion sociale des communautés. C’est ça, son message », a déclaré Jacques Kongolo, Chargé de mission du Président de la République en charge des questions communautaires et identitaires dans la partie orientale du pays. Il a mis en garde contre toute instrumentalisation identitaire, appelant les populations à ne pas relayer des messages de division.

Il a par ailleurs assuré que des mesures ont été prises contre les acteurs politiques, militaires ou civils qui attisent la haine, promettant des sanctions à l’encontre de tous ceux qui alimentent les tensions communautaires.

Sur le terrain, plusieurs témoignages recueillis indiquent que la volonté de préserver la cohabitation pacifique reste bien ancrée au sein de la population d’Uvira, malgré le narratif rwandais visant à diviser les communautés qui ont vécu ensemble depuis des années.

Mulala Sandra, habitante de la ville, évoque une coexistence ancienne et fondée sur la confiance entre les communautés, notamment avec les Banyamulenge. Elle reconnaît toutefois que les manipulations existent dans toutes les communautés, appelant à une prise de conscience collective pour éviter toute stigmatisation.

Du côté de la communauté Banyamulenge restée à Uvira, le discours met en avant à la fois la vigilance et l’espoir. Isaac Nduwayo, résident de la ville, salue la présence des Forces armées de la RDC (FARDC) et les assurances données par les autorités en matière de sécurité. Il souligne également le rôle déterminant de la solidarité locale, notamment l’engagement de voisins issus d’autres communautés qui ont contribué à la protection des familles restées sur place.

Commerçants, leaders communautaires et responsables associatifs convergent sur la nécessité de rejeter toute forme de discours haineux. Pour Éric Nyindu, commerçant à Uvira, la diversité communautaire constitue une richesse qui doit être préservée dans un esprit de vivre-ensemble.

Même son de cloche du côté du Barza intercommunautaire d’Uvira. Son président, Ngule Mukonda Delphin, affirme que la lutte contre les messages de haine demeure une priorité, estimant que ces discours constituent la principale source des conflits récurrents dans la région.

Les autorités provinciales préparent désormais l’étape suivante. Le gouverneur du Sud-Kivu, Jean-Jacques Purusi, a annoncé des concertations avec les agences spécialisées des Nations unies afin d’organiser le retour des déplacés et des réfugiés. Ce processus, a-t-il précisé, devra se faire sur la base d’un screening rigoureux, garantissant la sécurité des populations et la stabilité des zones de retour.

À l’issue de cette mission présidentielle, un constat s’impose : à Uvira, le message de la cohabitation pacifique semble avoir été largement compris. Reste désormais à le traduire en actions durables, dans un environnement sécuritaire. Pour les autorités congolaises, la ville pourrait ainsi devenir un laboratoire de la paix sociale voulue par le président Félix Tshisekedi dans l’Est de la RDC.

Daniel Michombero",/__l5e/assets-v1/54fa914c-0cdd-470d-a330-93d1eb44cdd3/IMG-20260126-WA0002-copie.jpg,,a09b5ee2-27ae-4ddb-b057-04d88321d28e,54e75780-b018-4965-935b-7752e055847c,,publie,2026-01-26 07:21:33+00,,4,f,f,"RDC: à Uvira, la cohabitation pacifique au cœur de la straté","Depuis son accession à la magistrature suprême, la cohabitation pacifique entre communautés s’est imposée comme l’un des piliers de la politique du préside",0,0,2026-08-02 11:23:55.18853+00,2026-08-04 16:32:18.081933+00
edd40ce0-831e-4d46-9980-c2e881787f18,uvira-fardc-et-societe-civile-unissent-leurs-voix-pour-la-paix-et-la-cohesion-entre-communautes,Uvira: FARDC et société civile unissent leurs voix pour la paix et la cohésion entre communautés,"Dans un contexte marqué par les tensions sécuritaires et les fractures communautaires dans les hauts et moyens plateaux du Sud-Kivu, un message fort en faveur de la paix et de la cohabitation pacifique vient d’être lancé à Uvira par les autorités militaires et les acteurs de la…","Dans un contexte marqué par les tensions sécuritaires et les fractures communautaires dans les hauts et moyens plateaux du Sud-Kivu, un message fort en faveur de la paix et de la cohabitation pacifique vient d’être lancé à Uvira par les autorités militaires et les acteurs de la société civile.

En déplacement à Luvungi après le retrait des groupes armés présents dans la zone, le commandant de la 33ᵉ région militaire, le général de brigade Dunia Kashindi Fabien, a appelé les populations à tourner définitivement la page des divisions ethniques et des violences communautaires.

« Le grand message de ce jour est l’union de tous sans faire allusion aux communautés Fuliro, Bembe, Banyamulenge, Mubangubangu… c’est fini cette histoire », a déclaré l’officier supérieur devant la population.

Le général Dunia a insisté sur le retour de l’autorité de l’État et la nécessité de restaurer un climat de sécurité permettant aux habitants de reprendre leurs activités normales.

« Je ne veux pas entendre un seul coup de balle dans ce village. Tout celui qui ose faire ça sera arrêté. Il est temps que tout celui qui veut cultiver le fasse et que vous puissiez faire vos activités commerciales pour le développement de votre milieu », a-t-il averti.

Dans le même élan, l’armée congolaise annonce la suppression des barrières sur l’axe menant jusqu’à Uvira afin de réduire les tracasseries et de faciliter la libre circulation des personnes et des biens.

« Désormais toutes les barrières jusqu’à Uvira sont supprimées, vous devez vous sentir à l’aise dans votre pays sans tracasseries », a affirmé le commandant de la 33ᵉ région militaire.

Le message de l’armée rejoint celui porté par les acteurs de la société civile locale, qui appellent eux aussi à combattre les discours de haine et les manipulations identitaires.

Depuis la cité de Sange, le coordinateur de la Dynamique de la société civile pour le développement durable, Mapenzi Manyebwa, a exhorté toutes les communautés du territoire d’Uvira à privilégier la cohésion sociale et le vivre-ensemble.

« Nous avons besoin aujourd’hui de la paix et nous devons tous travailler pour combattre ces messages de haine, combattre ces informations qui viennent pour nous diviser », a-t-il déclaré.

Dans une adresse particulièrement forte, il a cité plusieurs communautés du territoire pour rappeler que l’avenir d’Uvira dépend désormais de leur capacité à vivre ensemble.

« Que les Bavira, les Bafuliru, les Babembe, les Nyamulenge, les Bashis, les Barundi, les Bahavu et toutes les communautés dans leur diversité, nous ayons tous un esprit de cohésion sociale et que nous bannissions l’esprit de haine », a plaidé cet acteur de la société civile.

Pour lui, les divisions communautaires constituent aujourd’hui l’un des principaux obstacles à la stabilité et au développement de la région.

« Nous ne devons plus donner la place à ces politiciens en mal de positionnement qui cherchent à créer des divisions entre les différentes tribus dans le territoire d’Uvira », a-t-il martelé.

Alors que plusieurs localités du territoire d’Uvira tentent progressivement de retrouver une vie normale après des mois d’insécurité, ces appels convergents de l’armée et de la société civile apparaissent comme une volonté commune de reconstruire la confiance entre les communautés et de consolider la paix durable dans cette partie du Sud-Kivu.

DanielMichombero",/__l5e/assets-v1/f2721f4a-cd2b-4755-b924-9284e4cfc736/20260514_110158-1.jpg,,578a4dc1-5069-4500-b734-d675df9be940,54e75780-b018-4965-935b-7752e055847c,,publie,2026-05-14 09:35:27+00,,3,f,f,Uvira: FARDC et société civile unissent leurs voix pour la p,"Dans un contexte marqué par les tensions sécuritaires et les fractures communautaires dans les hauts et moyens plateaux du Sud-Kivu, un message fort en fav",0,0,2026-08-02 11:23:55.18853+00,2026-08-02 12:16:58.243419+00
08f4ee59-01ee-4f57-8f63-9afcb901469d,rdc-violents-affrontements-a-kalehe-lumbishi-replonge-dans-lincertitude,#RDC | Violents affrontements à Kalehe: Lumbishi replonge dans l’incertitude,"Une nouvelle flambée de violences secoue le territoire de Kalehe, dans la province du Sud-Kivu. Depuis l’aube du mardi 5 mai 2026, des combats d’une intensité inhabituelle opposent les groupes d’autodéfense dits « Wazalendo » aux rebelles de l’AFC-M23 dans les localités de…","Une nouvelle flambée de violences secoue le territoire de Kalehe, dans la province du Sud-Kivu. Depuis l’aube du mardi 5 mai 2026, des combats d’une intensité inhabituelle opposent les groupes d’autodéfense dits « Wazalendo » aux rebelles de l’AFC-M23 dans les localités de Lumbishi et Katale.

Selon plusieurs témoignages recueillis sur place ainsi que des sources sécuritaires, des tirs d’armes lourdes et légères ont été entendus dès les premières heures de la matinée. À Katale, de fortes détonations ont semé la panique parmi les habitants, déjà éprouvés par des mois d’insécurité.

Au cœur de cette escalade, des sources militaires concordantes évoquent une frappe aérienne menée par les Forces Armées de la République Démocratique du Congo. Des drones de combat auraient été déployés pour neutraliser un système de défense anti-aérien attribué au M23 et positionné sur les hauteurs stratégiques de Lumbishi.

Ce dispositif permettait, selon les mêmes sources, de contrôler une large portion du territoire. Sa destruction viserait à affaiblir les capacités militaires du M23 et à préparer d’éventuelles opérations d’envergure.

Aucun bilan officiel n’a, à ce stade, été communiqué par l’armée congolaise. De son côté, l’AFC-M23 n’a pas réagi aux sollicitations concernant ces informations.

Sur le terrain, la situation demeure extrêmement tendue. Les populations civiles craignent une nouvelle vague de déplacements vers des zones jugées plus sûres, dans une région déjà marquée par des déplacements massifs depuis le début du conflit.

Cette reprise des hostilités intervient alors que des discussions se poursuivent entre Kinshasa et les rebelles à Montreux, en Suisse. Ces pourparlers visent à trouver une issue politique à un conflit qui continue de déstabiliser l’Est de la RDC.

Fabien Burume",/__l5e/assets-v1/434af40d-fc6e-4e7b-aa37-0326d4eeb61c/IMG-20260506-WA0024.jpg,,578a4dc1-5069-4500-b734-d675df9be940,54e75780-b018-4965-935b-7752e055847c,,publie,2026-05-06 14:54:52+00,,1,f,f,#RDC | Violents affrontements à Kalehe: Lumbishi replonge da,"Une nouvelle flambée de violences secoue le territoire de Kalehe, dans la province du Sud-Kivu. Depuis l’aube du mardi 5 mai 2026, des combats d’une intens",0,0,2026-08-02 11:23:55.18853+00,2026-08-02 12:16:58.243419+00
afa5e9da-72c0-4d3d-81dc-c76f7b21394c,letat-de-siege-dans-lest-de-la-rdc-cinq-ans-apres-un-bilan-conteste,"L’état de siège dans l’Est de la RDC: cinq ans après, un bilan contesté","Instauré le 6 mai 2021 par le président Félix Tshisekedi, l’état de siège dans l’Est de la République démocratique du Congo totalise aujourd’hui près de cinq années d’application. Conçue comme une réponse exceptionnelle à l’insécurité persistante, cette mesure peine toujours à…","Instauré le 6 mai 2021 par le président Félix Tshisekedi, l’état de siège dans l’Est de la République démocratique du Congo totalise aujourd’hui près de cinq années d’application. Conçue comme une réponse exceptionnelle à l’insécurité persistante, cette mesure peine toujours à produire les résultats escomptés.

À l’époque, le chef de l’État justifie cette décision par une recrudescence des violences armées dans les provinces du Nord-Kivu et de l’Ituri. Plusieurs groupes rebelles, dont le Mouvement du 23 mars (M23) et les Forces démocratiques alliées, multiplient alors les attaques contre les populations civiles et les positions de l’armée.

L’état de siège transfère les pouvoirs civils aux autorités militaires et policières, avec pour objectif affiché de restaurer l’autorité de l’État et de neutraliser les groupes armés.

Cinq ans plus tard, le constat reste préoccupant. Malgré les prorogations successives, les violences n’ont pas significativement reculé. Au contraire, les années 2025 et 2026 ont été marquées par une intensification des affrontements, notamment autour de Goma, épicentre des tensions dans le Nord-Kivu.

Les déplacements massifs de populations se poursuivent, avec des milliers de civils contraints de fuir leurs villages pour se réfugier dans des camps souvent surpeuplés et précaires.

Du côté des autorités, l’état de siège reste une nécessité stratégique. Le gouvernement congolais évoque une situation de « guerre imposée », pointant notamment des soutiens extérieurs présumés à certains groupes armés.

Pour Kinshasa, lever cette mesure reviendrait à fragiliser davantage les efforts militaires en cours et à céder du terrain face aux groupes rebelles.

En revanche, l’opposition politique et de nombreuses organisations de la société civile dressent un bilan largement critique. Elles dénoncent notamment :

une efficacité limitée après cinq années d’application ;

des abus attribués à certains éléments des forces de sécurité ;

des restrictions des libertés publiques ;

l’absence d’une stratégie politique globale pour résoudre durablement le conflit.

Ces voix appellent à un changement d’approche, privilégiant le dialogue politique, la réforme du secteur de la sécurité et la prise en compte des causes profondes de l’instabilité.

Alors que la pression internationale s’accentue en faveur d’une solution durable, le débat sur une éventuelle levée de l’état de siège reste entier. Sur le terrain, cependant, la réalité quotidienne des populations civiles demeure marquée par l’insécurité, les déplacements forcés et une crise humanitaire persistante.

Fabien Burume",/__l5e/assets-v1/5d35517f-cb15-4bad-b88a-2e83b9cbbc42/20260506_101156.jpg,,578a4dc1-5069-4500-b734-d675df9be940,54e75780-b018-4965-935b-7752e055847c,,publie,2026-05-06 08:45:42+00,,2,f,f,"L’état de siège dans l’Est de la RDC: cinq ans après, un bil","Instauré le 6 mai 2021 par le président Félix Tshisekedi, l’état de siège dans l’Est de la République démocratique du Congo totalise aujourd’hui près de ci",0,0,2026-08-02 11:23:55.18853+00,2026-08-02 12:16:58.243419+00
57ef243e-a8f0-4468-a64e-2ff0a89f2398,nyiragongo-des-chefs-coutumiers-humilies-et-contraints-de-danser-pour-les-rebelles-dans-un-camp-militaire,Nyiragongo: des chefs coutumiers humiliés et contraints de danser pour les rebelles dans un camp militaire,"La coordination territoriale de la société civile de Nyiragongo a dénoncé, ce samedi 2 mai 2026, le traitement jugé « dégradant » infligé à plusieurs chefs coutumiers de la chefferie de Bukumu, transférés au centre de formation militaire de Chanzu. Selon cette organisation,…","La coordination territoriale de la société civile de Nyiragongo a dénoncé, ce samedi 2 mai 2026, le traitement jugé « dégradant » infligé à plusieurs chefs coutumiers de la chefferie de Bukumu, transférés au centre de formation militaire de Chanzu.

Selon cette organisation, plusieurs chefs ont été contraints de chanter, danser et même de se coucher au sol dans des conditions humiliantes, avant leur transfert vers ce centre. Des pratiques qualifiées d’« inacceptables » et contraires à la dignité humaine.

Dans un communiqué rendu public le même jour, la société civile affirme que ces autorités traditionnelles ont été traitées « avec un mépris assimilable à celui réservé à de jeunes enfants ». Elle dénonce une « humiliation publique » et rappelle qu’aucune circonstance, quelles que soient les accusations ou controverses visant certains chefs, ne saurait justifier un tel traitement.

Le document souligne par ailleurs la diversité des profils parmi les chefs concernés :

certains seraient soupçonnés de liens avec des groupes rebelles ;

d’autres chercheraient à préserver leur pouvoir local ;

tandis que certains font face à des contestations de légitimité liées à leur désignation par différents régimes.

Ces incidents surviennent dans un contexte particulièrement fragile dans le territoire de Nyiragongo, où les équilibres entre autorités traditionnelles, acteurs locaux et forces en présence demeurent précaires. Pour la société civile, c’est l’ensemble de la communauté locale qui se sent aujourd’hui atteinte par ces agissements.

Fabien Burume",/__l5e/assets-v1/08bc0f0d-2157-477d-aaed-704f8203d391/20260502211657_28118492_289051294852457252_640_421_85_webp-1.png,,578a4dc1-5069-4500-b734-d675df9be940,54e75780-b018-4965-935b-7752e055847c,,publie,2026-05-04 08:01:17+00,,1,f,f,Nyiragongo: des chefs coutumiers humiliés et contraints de d,"La coordination territoriale de la société civile de Nyiragongo a dénoncé, ce samedi 2 mai 2026, le traitement jugé « dégradant » infligé à plusieurs chefs",0,0,2026-08-02 11:23:55.18853+00,2026-08-02 12:16:58.243419+00
d02af668-391c-472e-b850-442034a8988c,sanctions-americaines-contre-joseph-kabila-washington-prevoit-1-000000-de-recompenses-pour-toute-information-menant-a-des-violations,Sanctions américaines contre Joseph Kabila: Washington prévoit 1 000000$ de récompenses pour toute information menant à des violations,"Les États-Unis ont annoncé des sanctions ciblées contre l’ancien président congolais Joseph Kabila, accusé par le Trésor américain d’avoir contribué à l’instabilité dans l’est de la République démocratique du Congo, notamment à travers un soutien présumé au M23 et à l’Alliance…","Les États-Unis ont annoncé des sanctions ciblées contre l’ancien président congolais Joseph Kabila, accusé par le Trésor américain d’avoir contribué à l’instabilité dans l’est de la République démocratique du Congo, notamment à travers un soutien présumé au M23 et à l’Alliance du fleuve Congo (AFC), une coalition politico-militaire engagée contre le pouvoir de Kinshasa.

Selon l’Office of Foreign Assets Control (OFAC), Joseph Kabila aurait apporté un appui financier à l’AFC afin d’influencer la situation politique dans l’est du pays, encouragé des défections au sein des FARDC en faveur des rebelles et tenté de coordonner des actions contre l’armée congolaise. Washington estime également qu’il chercherait à peser sur le pouvoir central en soutenant des acteurs politiques opposés au gouvernement en place. Son séjour à Goma en 2025, sous protection du M23, est présenté comme un élément supplémentaire de proximité avec cette rébellion.

Les sanctions impliquent le gel de tous les avoirs que l’ancien chef d’État pourrait détenir aux États-Unis ou via des entités américaines, ainsi qu’une interdiction générale de toute transaction avec des citoyens ou entreprises américaines. Toute structure détenue à 50 % ou plus par la personne visée est également concernée. Ces mesures exposent aussi des acteurs étrangers à des sanctions s’ils facilitent des opérations en sa faveur, renforçant ainsi son isolement financier sur le système international.

Washington met un accent particulier sur la lutte contre le contournement de ces sanctions, en avertissant que toute tentative d’évasion via des intermédiaires ou des montages financiers opaques pourrait entraîner des poursuites. Dans ce cadre, les autorités américaines introduisent un levier incitatif, toute personne fournissant des informations crédibles sur des violations des sanctions peut prétendre à une récompense financière allant jusqu’à 1 000 000$. Ce mécanisme, piloté par le Financial Crimes Enforcement Network, prévoit des paiements lorsque les renseignements transmis permettent d’aboutir à des sanctions dépassant un million de dollars, une disposition qui vise à encourager les dénonciations au sein même des réseaux financiers.

Cette décision s’inscrit dans la stratégie de l’administration du président Donald Trump visant à faire respecter les engagements régionaux pris dans le cadre des accords de Washington de décembre 2025 entre la RDC et le Rwanda. Le secrétaire au Trésor, Scott Bessent, a affirmé que les États-Unis continueront d’utiliser tous les outils à leur disposition pour contrer les acteurs jugés responsables de l’instabilité dans l’est congolais.

Les autorités américaines rappellent enfin que ces sanctions ont pour objectif de provoquer un changement de comportement et qu’une levée reste possible si la personne visée cesse toute implication dans les activités incriminées.

Daniel Michombero",/__l5e/assets-v1/a0ed673b-0998-4832-b679-ab09bcc92bcf/IMG-20260430-WA0033.jpg,,578a4dc1-5069-4500-b734-d675df9be940,54e75780-b018-4965-935b-7752e055847c,,publie,2026-04-30 20:39:57+00,,2,f,f,Sanctions américaines contre Joseph Kabila: Washington prévo,"Les États-Unis ont annoncé des sanctions ciblées contre l’ancien président congolais Joseph Kabila, accusé par le Trésor américain d’avoir contribué à l’in",0,0,2026-08-02 11:23:55.18853+00,2026-08-02 15:44:30.803199+00
c40319aa-6529-48a9-ba89-762f5aee9312,reelactu-plonge-au-coeur-dune-prison-souterraine-erigee-par-m23-dans-la-ville-de-goma,Reelactu plonge au cœur d’une prison souterraine érigée par M23 dans la ville de Goma,"Révélations d’un journaliste rescapé des geôles souterraines du M23 Un journaliste récemment libéré des mains du M23 s’est confié vendredi 10 octobre à Reelactu, il livre un témoignage glaçant sur les atrocités commises dans les prisons souterraines de la rébellion, en pleine…","Révélations d’un journaliste rescapé des geôles souterraines du M23

Un journaliste récemment libéré des mains du M23 s’est confié vendredi 10 octobre à Reelactu, il livre un témoignage glaçant sur les atrocités commises dans les prisons souterraines de la rébellion, en pleine ville de Goma, occupée par ce mouvement armé depuis janvier. Son récit, à la fois bouleversant et effrayant, met à nu l’enfer que subissent quotidiennement les habitants tombés entre les mains des rebelles.

« Nous étions 80 personnes, tous des hommes, dans un espace de trois mètres carrés », raconte-t-il d’une voix encore tremblante. « En sept jours, j’ai vécu un calvaire que je n’aurais jamais imaginé. »

Dès leur arrivée, les prisonniers subissent ce que les rebelles appellent une “séance d’admission”. Quatre hommes, postés à l’entrée, accueillent chaque détenu à coups de fouets, sans distinction. Deux tiennent la tête, deux les jambes, tandis que les lanières s’abattent avec brutalité.

« Si vous êtes soupçonné de collaborer avec le gouvernement ou les FARDC, c’est entre la vie et la mort », confie le journaliste.

À l’intérieur, les conditions sont inhumaines. Pas de visite, pas de soins, pas de nourriture venant de l’extérieur. Les prisonniers survivent à une seule ration quotidienne composée de maïs et de haricots, souvent sans huile ni sel. L’air est irrespirable.

« Certains meurent à l’intérieur, les corps dégagent une odeur insoutenable », témoigne-t-il.

Chaque matin, des gardiens, tous des combattants du M23, viennent « choisir » des détenus pour de nouvelles séances de torture. « Ils prennent ceux qui tiennent encore debout pour les frapper encore. »

Le journaliste dénonce aussi une ségrégation ethnique au sein de ces prisons clandestines.

« Durant mon séjour, je n’ai jamais vu un seul Tutsi enfermé. Tous les détenus étaient issus d’autres communautés. »

Le sort des prisonniers dépend de la nature des accusations. Ceux soupçonnés de collaboration avec les forces loyalistes, les Wazalendo, les FDLR ou les autorités de Kinshasa, n’ont presque aucune chance de survie. Beaucoup meurent sur place, d’autres seraient transférés vers une autre prison du M23 à Rutshuru, d’où peu reviennent.

Le journaliste, lui, ne doit sa liberté qu’à une improbable rencontre.

« Un homme m’a reconnu, il se souvenait que je l’avais aidé un jour à Rubaya. C’est grâce à lui que j’ai pu sortir, sinon j’y aurais laissé ma peau », raconte-t-il.

Mais même libre, la peur le poursuit.

« Il m’a conseillé de ne pas me montrer. Celui qui avait ordonné mon arrestation a été muté à Bukavu. Mais je ne suis plus en sécurité. »

Ce témoignage vient confirmer les multiples alertes des organisations locales et internationales sur les graves violations des droits humains dans les zones sous contrôle du M23, soutenu par le Rwanda selon Kinshasa et plusieurs rapports onusiens.

Pendant que la communauté internationale multiplie les appels à un cessez-le-feu, la population de Goma, elle, continue de vivre sous la terreur. Et dans les prisons souterraines de la rébellion, la mort rôde, silencieuse.",/__l5e/assets-v1/e7604c61-0c9c-418b-9661-c9eefb2e2df0/8771e9c0-84cb-4b24-8b6e-61d667762c7f.jpeg,,fe9719a8-01fe-4ec7-a344-f81db679f2d6,54e75780-b018-4965-935b-7752e055847c,,publie,2025-10-11 17:50:13+00,,2,f,f,Reelactu plonge au cœur d’une prison souterraine érigée par ,Révélations d’un journaliste rescapé des geôles souterraines du M23 Un journaliste récemment libéré des mains du M23 s’est confié vendredi 10 octobre à Ree,0,0,2026-08-02 11:23:55.18853+00,2026-08-04 16:32:18.081933+00
6aeabd89-d5cd-4b80-9f9e-9d7016dbe693,10-jours-dans-trois-prisons-du-m23-a-goma-emmanuel-raconte-lenfer-des-conteneurs-et-des-prisonniers-tues-a-coups-de-fouet,10 jours dans trois prisons du M23 à Goma: Emmanuel raconte l’enfer des conteneurs et des prisonniers tués à coups de fouet,"Depuis un an, la ville de Goma est sous le contrôle du M23, une rébellion soutenue par le Rwanda. Derrière les discours officiels, des civils racontent un autre visage de l’occupation. Emmanuel, nom d’emprunt pour protéger sa famille est un pasteur d’une église chrétienne. Il…","Depuis un an, la ville de Goma est sous le contrôle du M23, une rébellion soutenue par le Rwanda. Derrière les discours officiels, des civils racontent un autre visage de l’occupation.

Emmanuel, nom d’emprunt pour protéger sa famille est un pasteur d’une église chrétienne. Il dit avoir passé dix jours dans trois prisons différentes contrôlées par les rebelles du M23. Il livre un témoignage brut.

« Le morceau de viande n’a jamais atteint ma bouche »

« Nous étions au salon en train de manger avec les enfants. 8 militaires armés ont fait irruption. Une seule question m’a été posée, elle a scellé mon sort : “Tu es le père de ces enfants ?” J’ai répondu oui. C’est tout. »

Il marque un silence.

« Le morceau de viande que j’avais en main n’a jamais atteint ma bouche. Ils ont directement ligoté mes mains. Mes téléphones et pièces d’identités directement confisquées »

12 autres hommes entrent. Ma maison n’a que deux chambres, ell a été fouillée, les objets jetés dehors. Rien de compromettant n’a été trouvé.

« Le gradé m’a demandé si j’avais des effets militaires. J’ai dit non. Il m’a demandé si j’avais des relations avec Kinshasa. J’ai dit non. »

Dehors, la parcelle est quadrillée. Puis l’ordre tombe.

« Quatre militaires m’ont soulevé et jeté comme un colis dans la jeep. Ma tête était coincée dans leurs bottes militaires… puantes. Je respirais cette odeur pendant tout le trajet. Nous avons roulé plus de six heures. »

Kituku : « Nous avons dormi sur les morts »

Arrivée vers 2h du matin à Kituku.

« Si l’enfer existe, il ressemble à ce que j’ai vu cette nuit-là. »

Dans une concession privée, six conteneurs servent de prisons. Emmanuel est jeté dans l’un d’eux.

« J’étais le 52e à l’intérieur. Pas de fenêtre, difficile à respirer à l’intérieur. Une odeur insupportable. Deux hommes à côté de moi avaient le corps gonflé, ils avaient été sévèrement battus selon les autres prisonniers. Ils sont morts dans la nuit. Après s’être battus contre la mort, jetant les pieds et les bras bouche grandement ouverte »

« Faute d’espace, Nous avons dormi sur leurs corps », explique Emmanuel larmes aux yeux.

« Les cadavres seront ensuite emportés la nuit suivante en pirogue en bois vers le lac Kivu, affirme-t-il.

« Ils m’ont frappé sur les parties intimes »

Le lendemain, il est appelé avec un autre détenu.

« Six militaires m’ont battu. Chacun utilisait ce qu’il voulait. Je me souviens qu’on m’a frappé avec un objet métallique sur les parties intimes. J’ai perdu connaissance. »

Il dit avoir craché du sang, incapable de lever la main pour manger.

« La nourriture était là haricots et riz, j’avais tellement faim mais mes mains ne pouvaient pas atteindre ma bouche. Elles ont été sérieusement tabassées »

À Kituku, selon lui, « on mange deux fois par jour et on est fouetté deux fois par jour ».

Après trois jours dans ces conditions, il est transféré à la prison de la 8e région militaire, sans qu’aucune accusation ne lui soit notifiée.

Deuxième prison : « Au moins, il y avait de l’air »

À la 8e région militaire, non loin du rond-point Cercle Sportif, les conteneurs ont des fenêtres, mais les fouets continuent.

« J’ai respiré pendant trois jours. Mais on battait toujours les gens. »

Puis nouveau transfert vers Mont Goma.

Mont Goma : « J’ai vu six personnes mourir en cinq jours »

Dans ce troisième site, six prisons fonctionnent en conteneurs.

« J’ai été battu par des détenus, puis par des militaires. En cinq jours, six personnes sont mortes. Certains après les coups. D’autres avec des plaies infectées. »

Le cinquième jour, le gouverneur rebelle Bahati Erasto arrive pour désengorger les cellules, raconte Emmanuel.

Les détenus sont classés en quatre catégories : innocents, petits conflits, dettes, criminels à transférer.

« J’ai été mis parmi les innocents. Sur environ 150 détenus, nous étions 13 à ne pas être battus. »

Puis il décrit une scène qu’il dit ne jamais pouvoir oublier :

« Les autres ont été battus devant le gouverneur. Au moins 45 militaires frappaient. J’ai vu des gens perdre les yeux. D’autres avaient les oreilles cassées. Certains étaient défigurés. »

Certains libérés auraient choisi d’aller d’abord à l’hôpital, dit-il, « pour ne pas effrayer leurs enfants ».

« Je n’ai jamais su pourquoi j’étais arrêté »

Au total, Emmanuel affirme avoir passé dix jours entre Kituku, la 8e région et Mont Goma.

« Je n’ai jamais su l’infraction. On ne m’a jamais expliqué. »

Une semaine après sa libération, il quitte Goma, transitant par le Rwanda avant de rejoindre Beni.

Son récit s’ajoute aux accusations d’arrestations arbitraires, de détentions extrajudiciaires et de sévices dans les zones sous contrôle du M23.

Dans une ville occupée depuis un an, Emmanuel résume ainsi son expérience :

« Ce n’était pas une prison. C’était un endroit où l’on attendait de mourir. »

Daniel Michombero",/__l5e/assets-v1/565efb63-4ee0-4182-b14f-c5340db10649/20260301_183335.jpg,,fe9719a8-01fe-4ec7-a344-f81db679f2d6,54e75780-b018-4965-935b-7752e055847c,,publie,2026-03-01 20:57:12+00,,4,f,f,10 jours dans trois prisons du M23 à Goma: Emmanuel raconte ,"Depuis un an, la ville de Goma est sous le contrôle du M23, une rébellion soutenue par le Rwanda. Derrière les discours officiels, des civils racontent un ",0,0,2026-08-02 11:23:55.18853+00,2026-08-04 16:32:18.081933+00
fcc23839-debd-4c04-bde1-9e4254519820,rdc-a-uvira-la-justice-militaire-reprend-ses-audiences-apres-5-mois-de-crise,"RDC: à Uvira, la justice militaire reprend ses audiences après 5 mois de crise","À Uvira, dans l’est de la République démocratique du Congo, les activités judiciaires reprennent ce jeudi 30 avril, marquant une étape importante après plusieurs semaines d’instabilité et d’absence d’institutions fonctionnelles. La ville avait été occupée par les rebelles du M23…","À Uvira, dans l’est de la République démocratique du Congo, les activités judiciaires reprennent ce jeudi 30 avril, marquant une étape importante après plusieurs semaines d’instabilité et d’absence d’institutions fonctionnelles.

La ville avait été occupée par les rebelles du M23 le 10 décembre 2025, avant leur retrait en janvier 2026. Durant cette période, Uvira est restée sans appareil judiciaire opérationnel, dans un contexte de violences, de pillages et de nombreuses atteintes aux droits humains.

Au tribunal militaire d’Uvira, les premières audiences concernent notamment des éléments Wazalendo, ces combattants locaux engagés aux côtés de l’armée congolaise. Ces procès publics visent à lutter contre l’impunité et à rétablir l’autorité de l’État.

Dans les quartiers, les habitants tentent progressivement de reprendre une vie normale après des semaines marquées par l’insécurité et l’absence de recours judiciaire. Par ailleurs, 470 personnes sont de retour de camps de réfugiés au Burundi, avec l’appui du Haut Commissariat des Nations unies pour les réfugiés, réintègrent une ville encore fragilisée.

Malgré cette reprise, la situation sécuritaire demeure préoccupante. Des positions de groupes armés sont toujours signalées à proximité d’Uvira, entretenant un climat de tension.

Les autorités et les acteurs de la société civile espèrent que le retour de la justice contribuera à stabiliser durablement la ville, même si de nombreux défis restent à relever pour restaurer pleinement la confiance de la population.

Fabien Burume",/__l5e/assets-v1/2f0d99b7-645e-456c-bbd0-d6ff4349da54/IMG-20260429-WA0033-1.jpg,,578a4dc1-5069-4500-b734-d675df9be940,54e75780-b018-4965-935b-7752e055847c,,publie,2026-04-29 16:37:17+00,,1,f,f,"RDC: à Uvira, la justice militaire reprend ses audiences apr","À Uvira, dans l’est de la République démocratique du Congo, les activités judiciaires reprennent ce jeudi 30 avril, marquant une étape importante après plu",0,0,2026-08-02 11:23:55.18853+00,2026-08-02 12:16:58.243419+00
a93da95b-79b5-47b2-ae85-82fea8d6abcb,sante-en-rdc-les-gouverneurs-sommes-dagir-pour-la-couverture-sante-universelle,Santé en RDC: les gouverneurs sommés d’agir pour la Couverture Santé Universelle,"La 12ᵉ Conférence des gouverneurs s’est clôturée sur une note d’urgence et de responsabilité. Dans un discours sans détour, le Vice-Premier ministre en charge de l’Intérieur, Jacquemain Shabani, a lu les recommandations de la Commission Santé, appelant les provinces à une…","La 12ᵉ Conférence des gouverneurs s’est clôturée sur une note d’urgence et de responsabilité. Dans un discours sans détour, le Vice-Premier ministre en charge de l’Intérieur, Jacquemain Shabani, a lu les recommandations de la Commission Santé, appelant les provinces à une mobilisation collective pour transformer les promesses de la Couverture Santé Universelle (CSU) en actions concrètes.

Parmi les priorités, l’augmentation du budget de la santé à 15 % au niveau national et provincial est jugée incontournable. Ce financement devra appuyer des domaines critiques comme la lutte contre le VIH pédiatrique, la nutrition, la vaccination et la réponse aux épidémies. Chaque province est ainsi appelée à décaisser au moins un million de dollars pour ces urgences sanitaires.

Autre mesure phare : l’identification de financements innovants et domestiques pour soutenir durablement l’extension de la CSU dans les 26 provinces. L’État attend des provinces la soumission de projets bancables à la Caisse nationale de péréquation pour le développement d’industries pharmaceutiques locales.

Le plaidoyer insiste également sur la mise en place de mutuelles de santé et d’une assurance maladie obligatoire, élargies à toute la population. Objectif : assurer des mécanismes efficaces de partage des risques et garantir un accès équitable aux soins, notamment pour les enfants.

Côté ressources humaines, le message est clair : recruter et affecter le personnel de santé manquant sur base des besoins réels exprimés par les provinces, tout en respectant les textes légaux et réglementaires. Le VPM Shabani a aussi appelé à la restructuration des mécanismes de concertation entre le gouvernement central et les entités décentralisées, par le biais du Comité national de pilotage.

Enfin, la Commission Santé exhorte à l’opérationnalisation de l’approche « One Health Une seule santé », via des comités multisectoriels. La lutte contre la malnutrition chronique devra mobiliser des interventions coordonnées entre santé, éducation, agriculture, pêche et affaires sociales.

Dans un pays où les inégalités d’accès aux soins restent criantes, ces recommandations marquent un tournant. Mais tout dépendra, selon les observateurs, de la volonté politique des provinces à transformer les engagements de Kolwezi en résultats palpables dans les zones les plus reculées.

« Il ne s’agit plus de déclarations d’intention. Le temps est venu de passer à l’action pour sauver des vies, » a conclu Jacquemain Shabani, sous les applaudissements des gouverneurs réunis.

Daniel Michombero",/__l5e/assets-v1/b4d6b985-daf1-45f7-8209-75470bc1c96b/DSC_0013.jpg,,483c6016-e901-488d-ba50-48aad757557c,54e75780-b018-4965-935b-7752e055847c,,publie,2025-06-14 17:31:43+00,,2,f,f,Santé en RDC: les gouverneurs sommés d’agir pour la Couvertu,"La 12ᵉ Conférence des gouverneurs s’est clôturée sur une note d’urgence et de responsabilité. Dans un discours sans détour, le Vice-Premier ministre en cha",0,0,2026-08-02 11:23:55.18853+00,2026-08-02 15:44:30.803199+00
738b4821-94ad-42e4-b317-0d600c978cdb,10-jours-dans-trois-prisons-du-m23-a-goma,10 jours dans trois prisons du M23 à Goma,"10 jours dans trois prisons du M23 à Goma : Emmanuel raconte l’enfer des conteneurs et des prisonniers tués à coups de fouet Depuis un an, la ville de Goma est sous le contrôle du M23, une rébellion soutenue par le Rwanda. Derrière les discours officiels, des civils racontent un…","10 jours dans trois prisons du M23 à Goma : Emmanuel raconte l’enfer des conteneurs et des prisonniers tués à coups de fouet

Depuis un an, la ville de Goma est sous le contrôle du M23, une rébellion soutenue par le Rwanda. Derrière les discours officiels, des civils racontent un autre visage de l’occupation.

Emmanuel, nom d’emprunt pour protéger sa famille est un pasteur d’une église chrétienne. Il dit avoir passé dix jours dans trois prisons différentes contrôlées par les rebelles du M23. Il livre un témoignage brut.

« Le morceau de viande n’a jamais atteint ma bouche »

« Nous étions au salon en train de manger avec les enfants. 8 militaires armés ont fait irruption. Une seule question m’a été posée, elle a scellé mon sort : “Tu es le père de ces enfants ?” J’ai répondu oui. C’est tout. »

Il marque un silence.

« Le morceau de viande que j’avais en main n’a jamais atteint ma bouche. Ils ont directement ligoté mes mains. Mes téléphones et pièces d’identités directement confisquées »

12 autres hommes entrent. Ma maison n’a que deux chambres, ell a été fouillée, les objets jetés dehors. Rien de compromettant n’a été trouvé.

« Le gradé m’a demandé si j’avais des effets militaires. J’ai dit non. Il m’a demandé si j’avais des relations avec Kinshasa. J’ai dit non. »

Dehors, la parcelle est quadrillée. Puis l’ordre tombe.

« Quatre militaires m’ont soulevé et jeté comme un colis dans la jeep. Ma tête était coincée dans leurs bottes militaires… puantes. Je respirais cette odeur pendant tout le trajet. Nous avons roulé plus de six heures. »

Kituku : « Nous avons dormi sur les morts »

Arrivée vers 2h du matin à Kituku.

« Si l’enfer existe, il ressemble à ce que j’ai vu cette nuit-là. »

Dans une concession privée, six conteneurs servent de prisons. Emmanuel est jeté dans l’un d’eux.

« J’étais le 52e à l’intérieur. Pas de fenêtre, difficile à respirer à l’intérieur. Une odeur insupportable. Deux hommes à côté de moi avaient le corps gonflé, ils avaient été sévèrement battus selon les autres prisonniers. Ils sont morts dans la nuit. Après s’être battus contre la mort, jetant les pieds et les bras bouche grandement ouverte »

« Faute d’espace, Nous avons dormi sur leurs corps », explique Emmanuel larmes aux yeux.

« Les cadavres seront ensuite emportés la nuit suivante en pirogue en bois vers le lac Kivu, affirme-t-il.

« Ils m’ont frappé sur les parties intimes »

Le lendemain, il est appelé avec un autre détenu.

« Six militaires m’ont battu. Chacun utilisait ce qu’il voulait. Je me souviens qu’on m’a frappé avec un objet métallique sur les parties intimes. J’ai perdu connaissance. »

Il dit avoir craché du sang, incapable de lever la main pour manger.

« La nourriture était là haricots et riz, j’avais tellement faim mais mes mains ne pouvaient pas atteindre ma bouche. Elles ont été sérieusement tabassées »

À Kituku, selon lui, « on mange deux fois par jour et on est fouetté deux fois par jour ».

Après trois jours dans ces conditions, il est transféré à la prison de la 8e région militaire, sans qu’aucune accusation ne lui soit notifiée.

Deuxième prison : « Au moins, il y avait de l’air »

À la 8e région militaire, non loin du rond-point Cercle Sportif, les conteneurs ont des fenêtres, mais les fouets continuent.

« J’ai respiré pendant trois jours. Mais on battait toujours les gens. »

Puis nouveau transfert vers Mont Goma.

Mont Goma : « J’ai vu six personnes mourir en cinq jours »

Dans ce troisième site, six prisons fonctionnent en conteneurs.

« J’ai été battu par des détenus, puis par des militaires. En cinq jours, six personnes sont mortes. Certains après les coups. D’autres avec des plaies infectées. »

Le cinquième jour, le gouverneur rebelle Bahati Erasto arrive pour désengorger les cellules, raconte Emmanuel.

Les détenus sont classés en quatre catégories : innocents, petits conflits, dettes, criminels à transférer.

« J’ai été mis parmi les innocents. Sur environ 150 détenus, nous étions 13 à ne pas être battus. »

Puis il décrit une scène qu’il dit ne jamais pouvoir oublier :

« Les autres ont été battus devant le gouverneur. Au moins 45 militaires frappaient. J’ai vu des gens perdre les yeux. D’autres avaient les oreilles cassées. Certains étaient défigurés. »

Certains libérés auraient choisi d’aller d’abord à l’hôpital, dit-il, « pour ne pas effrayer leurs enfants ».

« Je n’ai jamais su pourquoi j’étais arrêté »

Au total, Emmanuel affirme avoir passé dix jours entre Kituku, la 8e région et Mont Goma.

« Je n’ai jamais su l’infraction. On ne m’a jamais expliqué. »

Une semaine après sa libération, il quitte Goma, transitant par le Rwanda avant de rejoindre Beni.

Son récit s’ajoute aux accusations d’arrestations arbitraires, de détentions extrajudiciaires et de sévices dans les zones sous contrôle du M23.

Dans une ville occupée depuis un an, Emmanuel résume ainsi son expérience :

« Ce n’était pas une prison. C’était un endroit où l’on attendait de mourir. »

Daniel Michombero",/__l5e/assets-v1/2429b4a5-db93-4814-bad5-80eb303146fd/20260301_173813.jpg,,fe9719a8-01fe-4ec7-a344-f81db679f2d6,54e75780-b018-4965-935b-7752e055847c,,publie,2026-03-01 15:43:05+00,,4,f,f,10 jours dans trois prisons du M23 à Goma,"10 jours dans trois prisons du M23 à Goma : Emmanuel raconte l’enfer des conteneurs et des prisonniers tués à coups de fouet Depuis un an, la ville de Goma",0,0,2026-08-02 11:23:55.18853+00,2026-08-04 16:32:18.081933+00
b9f4297c-fb2e-46b9-90bd-c99d367c1dea,guerre-dans-lest-de-la-rdc-voici-le-2e-episode-la-naissance-des-wazalendo,"Guerre dans l’Est de la RDC, voici le 2e épisode « La naissance des Wazalendo »","Le 14 juin, Bunagana tombe. La cité stratégique, à la frontière entre la République démocratique du Congo et l’Ouganda, passe sous contrôle des rebelles du M23 avec le soutien du Rwanda. Un choc. Un basculement dans la guerre. À Goma, la nouvelle agit comme une onde de choc. La…","Le 14 juin, Bunagana tombe. La cité stratégique, à la frontière entre la République démocratique du Congo et l’Ouganda, passe sous contrôle des rebelles du M23 avec le soutien du Rwanda. Un choc.

Un basculement dans la guerre. À Goma, la nouvelle agit comme une onde de choc. La colère éclate. La peur s’installe. Dans les rues, des voix se lèvent, d’autres crient. Des manifestants dénoncent ce qu’ils perçoivent comme une agression soutenue par le Rwanda. Les témoignages sont bruts et avec émotion, parfois désespérés. Mais pendant que les villes s’embrasent de colère, sur les collines de Rutshuru, de Masisi et de Nyiragongo, une autre réalité prend forme.

Un mot circule, s’impose, rassemble : Wazalendo.Les “patriotes”. D’anciens groupes armés, parfois hier encore opposés à l’armée congolaise, se redéfinissent. Leur priorité affichée : combattre le M23. Les rivalités internes sont mises entre parenthèses.

L’ennemi désigné est unique, la rébellion du M23. Des figures émergent. Des alliances se nouent. Des lignes bougent. À Masisi, des jeunes prennent position. Parmi eux, des femmes. Des mères, des étudiantes, des anonymes devenues combattantes.

Dans les trous de combat, les discours oscillent entre détermination et fatalisme sans faire allusion au genre. Défendre la terre. Protéger les leurs. Ne pas fuir. À Rutshuru, d’autres groupes revendiquent des offensives. À Burungu, sur l’axe Sake–Kitshanga, des volontaires affluent.

La mobilisation s’étend. Mais cette montée en puissance pose une question centrale : la naissance des Wazalendo marque-t-elle une résistance structurée ou l’ouverture d’un nouveau cycle de fragmentation armée ? Entre colère populaire, réorganisation militaire et discours sur le respect du droit international humanitaire, l’Est congolais entre dans une nouvelle phase de la guerre.

Une guerre qui ne se joue plus seulement sur les lignes de front, mais dans les consciences, les villages, les familles. Ce deuxième épisode plonge au cœur de cette bascule historique. Des témoignages exclusifs. Des voix de terrain. Des visages que la guerre a transformés.

Comprendre la naissance des Wazalendo dans l’Est de la RDC, c’est comprendre le nouveau visage du conflit dans l’Est de la RDC.

Dans l’Episode 3, je viens avec des images qui parlent de l’arrivée de Paul Kagame, le Président Rwandais et le Congolais Félix Tshisekedi dans la ville de Goma.",/__l5e/assets-v1/71d3aae7-9481-4927-9c27-5b3c1f386eaa/Screenshot-2026-02-13-235140.png,,fe9719a8-01fe-4ec7-a344-f81db679f2d6,54e75780-b018-4965-935b-7752e055847c,,publie,2026-02-13 21:55:44+00,,2,f,f,"Guerre dans l’Est de la RDC, voici le 2e épisode « La naissa","Le 14 juin, Bunagana tombe. La cité stratégique, à la frontière entre la République démocratique du Congo et l’Ouganda, passe sous contrôle des rebelles du",0,0,2026-08-02 11:23:55.18853+00,2026-08-04 16:32:18.081933+00
dae82104-afc5-439f-b7ed-0d9322906eee,bukavu-quand-les-rebelles-choisissent-les-ecoles-comme-terrain-de-leurs-activites-subversives,Bukavu: quand les rebelles choisissent les écoles comme terrain de leurs activités subversives,"Le séjour du chef rebelle Corneille Nangaa, dans la ville de Bukavu suscite de vives inquiétudes. Ce 21 janvier 26, il a choisi d’organiser ses activités au Collège Alfajiri, une institution scolaire de renom située dans un quartier densément peuplé d’écoles et de crèches, dont…","Le séjour du chef rebelle Corneille Nangaa, dans la ville de Bukavu suscite de vives inquiétudes. Ce 21 janvier 26, il a choisi d’organiser ses activités au Collège Alfajiri, une institution scolaire de renom située dans un quartier densément peuplé d’écoles et de crèches, dont le Lycée Cirezi, L’Estonac, Le Progrès, Institut Nyalukemba et bien d’autres.

Cette décision, loin d’être anodine, expose directement les élèves, enseignants et voisins à des risques majeurs. La proximité du Collège Alfajiri à moins d’un kilomètre de la frontière rwandaise alimente les soupçons d’une stratégie visant à se placer sous la protection des radars rwandais, tout en utilisant un milieu scolaire comme bouclier humain.

En choisissant un environnement scolaire, l’AFC-M23 expose des centaines d’enfants et enseignants à un danger direct en cas d’incident armé ou à la colère de la population.

La militarisation d’un espace éducatif transforme un lieu de savoir et de paix en zone de tension, créant une atmosphère de peur permanente.

Les parents dénoncent une instrumentalisation des écoles et craignent pour la sécurité de leurs enfants.

Les responsables éducatifs s’alarment de la présence militaire dans un lieu censé rester neutre et protégé.

Dans un message adressé aux familles, le comité des parents précise :

« Après concertation avec la direction de l’école, nous sommes dans l’obligation de libérer les élèves à 10h00 ce jour. (…) Les bus scolaires assureront le retour des enfants abonnés comme d’habitude. Pour les parents qui n’ont pas la possibilité de récupérer leurs enfants à cette heure, l’école les gardera et organisera un retrait progressif. »

Les acteurs de la société civile appellent à une vigilance accrue et à des mesures immédiates pour protéger les enfants et les enseignants dans cette zone sensible.

Cette décision, dictée par des impératifs de sécurité, illustre une fois de plus l’impact direct du conflit sur la vie scolaire et le droit à l’éducation. L’utilisation d’un établissement scolaire comme cadre d’une activité politico-militaire constitue une grave entorse aux normes internationales de protection des enfants en temps de conflit. Les écoles sont censées être des espaces neutres, sûrs et exclusivement dédiés à l’apprentissage.

Tamende Glody",/__l5e/assets-v1/7b005c61-6a92-43ea-85b6-3e721b0b8a70/IMG-20260121-WA0002.jpg,,fe9719a8-01fe-4ec7-a344-f81db679f2d6,54e75780-b018-4965-935b-7752e055847c,,publie,2026-01-21 15:39:31+00,,2,f,f,Bukavu: quand les rebelles choisissent les écoles comme terr,"Le séjour du chef rebelle Corneille Nangaa, dans la ville de Bukavu suscite de vives inquiétudes. Ce 21 janvier 26, il a choisi d’organiser ses activités a",0,0,2026-08-02 11:23:55.18853+00,2026-08-04 16:32:18.081933+00
418e0548-9a66-4da5-b820-0bde7d68870b,exclusif-nous-avons-fui-les-balles-les-flammes-et-la-mort-a-mashango-la-population-reclame-paix-et-secours,"Exclusif: « Nous avons fui les balles, les flammes, et la mort ». À Mashango, la population réclame paix et secours","Dimanche le 18 mai à Mashango, le jour s’est levé sur des cris et des flammes. Dans ce village du Nord-Kivu, c’est une date que plus personne n’oubliera. Des témoins glaçant parlent d’une attaque brutale menée par l’armée rwandaise et les rebelles du M23, une incursion éclair…","Dimanche le 18 mai à Mashango, le jour s’est levé sur des cris et des flammes. Dans ce village du Nord-Kivu, c’est une date que plus personne n’oubliera. Des témoins glaçant parlent d’une attaque brutale menée par l’armée rwandaise et les rebelles du M23, une incursion éclair qui a tout laissé derrière elle : des morts, des décombres, et une population errante.

« Nous avons fui les mains vides. Certains ont perdu leurs enfants, d’autres leurs maris. Moi, je vis seule avec mes enfants, sans abri. Mon mari a été tué, jeté dans la fosse des toilettes », témoigne Ishara Maombi, une habitante du village, debout devant ce qui fut autrefois sa maison.

Plus loin, quatre orphelins montrent ce qu’il leur reste : un bidon à moitié brûlé, un panneau solaire détruit, et une scie rouillée, le dernier souvenir de leur père, scieur de métier. « Nos rêves sont partis en fumée. Sans parents, sans soutien, on ne sait plus où aller. Comme tu nous vois, on vit dans la brousse, au jour le jour », confie à Reelactu l’un d’eux, le regard fixe.

Le chef de la localité de Mashango, les larmes retenues, décrit une scène d’apocalypse : « Ils sont entrés en tirant. Tout a été incendié. Après les combats, nous avons compté 50 morts. Mais même aujourd’hui, nous continuons à ramasser des corps dans la brousse ». Plusieurs villages dont Kinyamugezi, Rwindi, Nyenyeri, Kanyabuhunga ont subi le même sort : pillages, incendies, exécutions ciblées. La population a été contrainte de fuir, sans même pouvoir emporter de vivres ou de vêtements, un peu comme ce qui s’est passé à Kishishe. 

Beaucoup dorment désormais dans les églises, les écoles, ou sous les arbres. Pour Shukuru Zausa, président de la société civile de Bukombo, cette attaque cache une intention plus sombre : « Au moins 30 personnes tuées ici parlaient la langue hutu. Ce n’est pas un hasard. Il s’agit d’un ciblage ethnique, masqué derrière une offensive militaire ». Selon lui, plus de 500 maisons ont été incendiées dans le groupement de Bukombo. Les biens des habitants ont été systématiquement pillés, plongeant des familles entières dans une misère extrême. « Nous demandons la paix, rien que la paix »

Tous les témoignages convergent vers un cri commun : le besoin urgent de paix et d’assistance humanitaire. « Nous supplions l’État congolais de ramener la paix. Nous ne demandons pas l’impossible, juste le droit de vivre, de dormir en sécurité, et de nourrir nos enfants », plaide Ishara. Reelactu a tenté de contacter les rebelles pour avoir leur version de fait sans succès. 

Aujourd’hui, les survivants de Mashango attendent que les balles cessent, que les convois humanitaires arrivent, et que le monde regarde enfin en face ce drame humain silencieux. Réel Actu continue de suivre cette situation. Car ce qui se vit à l’ombre mérite d’être vu en pleine lumière.",/__l5e/assets-v1/741d449e-8600-4af3-9420-d8fcb2aa948f/Maison-incendiee.png,,578a4dc1-5069-4500-b734-d675df9be940,54e75780-b018-4965-935b-7752e055847c,,publie,2025-06-13 22:39:46+00,,2,f,f,"Exclusif: « Nous avons fui les balles, les flammes, et la mo","Dimanche le 18 mai à Mashango, le jour s’est levé sur des cris et des flammes. Dans ce village du Nord-Kivu, c’est une date que plus personne n’oubliera. D",0,0,2026-08-02 11:23:55.18853+00,2026-08-02 12:16:58.243419+00
7c45f5db-351b-44cd-94a8-e5ae00d9dcb8,goma-cessez-le-feu-fin-des-drones-offensifs-et-liberte-de-mouvement-les-garanties-exigees-par-la-monusco,"Goma: cessez-le-feu, fin des drones offensifs et liberté de mouvement, les garanties exigées par la MONUSCO","À peine arrivé à Goma, le nouveau chef de la MONUSCO, James Swan, a posé les bases d’une mission recentrée sur la stabilisation de l’Est de la République démocratique du Congo. Mais pour être efficace, cette nouvelle phase d’intervention dépendra de conditions jugées «…","À peine arrivé à Goma, le nouveau chef de la MONUSCO, James Swan, a posé les bases d’une mission recentrée sur la stabilisation de l’Est de la République démocratique du Congo. Mais pour être efficace, cette nouvelle phase d’intervention dépendra de conditions jugées « indispensables » par les Nations unies.

Au cœur de ces exigences figure le respect strict du cessez-le-feu, qui doit s’accompagner de mesures concrètes pour garantir l’opérationnalité du mécanisme conjoint élargi de vérification. La MONUSCO insiste notamment sur la cessation immédiate de l’usage de drones offensifs, considérés comme un facteur d’escalade dans les zones de conflit.

Autre condition clé : la fin du brouillage et de l’usurpation des signaux GPS, des pratiques qui compromettent sérieusement les opérations sur le terrain et mettent en danger les équipes déployées. Pour la mission onusienne, ces interférences technologiques réduisent la crédibilité et l’efficacité du dispositif de surveillance du cessez-le-feu.

La question de la mobilité est également centrale. La MONUSCO exige une liberté totale de mouvement pour son personnel et ses équipements, sans entraves imposées par les différentes parties en conflit. Cette liberté est jugée essentielle pour permettre une présence active et dissuasive dans les zones sensibles.

Dans le même registre, l’organisation souligne la nécessité de garantir un accès sécurisé aux aéroports ainsi qu’à l’espace aérien, condition sine qua non pour le déploiement logistique, les évacuations d’urgence et le suivi des opérations.

Au-delà des aspects techniques et sécuritaires, James Swan a insisté sur un élément déterminant : la coopération de tous les belligérants, y compris les forces de défense et de sécurité. Sans cet engagement collectif, la mise en œuvre du cessez-le-feu risque de rester théorique.

Cette première visite à Goma s’inscrit dans une volonté de relancer la dynamique de désescalade un an après l’occupation de la ville de Goma et Bukavu par les rebelles du M23.

La MONUSCO espère ainsi rétablir un climat de confiance et redonner espoir aux populations locales, premières victimes de l’insécurité.

Pour la monusco, la réussite de son mandat dans l’Est congolais dépendra moins de sa présence que du respect, par les acteurs armés, des règles minimales garantissant un environnement opérationnel sûr et crédible.

Emmanuel Marote",/__l5e/assets-v1/9e3f389e-4811-44fc-b8fd-205ddfa4f5f6/IMG-20260424-WA0009.jpg,,578a4dc1-5069-4500-b734-d675df9be940,54e75780-b018-4965-935b-7752e055847c,,publie,2026-04-24 13:23:03+00,,2,f,f,"Goma: cessez-le-feu, fin des drones offensifs et liberté de ","À peine arrivé à Goma, le nouveau chef de la MONUSCO, James Swan, a posé les bases d’une mission recentrée sur la stabilisation de l’Est de la République d",0,0,2026-08-02 11:23:55.18853+00,2026-08-02 12:16:58.243419+00
6cfb9880-f52f-4a49-b01e-c2d728663d48,ituri-lonu-reaffirme-le-role-vital-de-la-monusco-dans-la-protection-des-civils,Ituri: L’ONU réaffirme le rôle vital de la MONUSCO dans la protection des civils,"Fataki,6 septembre 2025 En visite dans le territoire de Djugu, en Ituri, le haut responsable onusien Jean de la Croix, représentant des Nations Unies, a salué le rôle déterminant joué par la MONUSCO dans la protection des populations civiles confrontées aux violences armées. Sur…","Fataki,6 septembre 2025

En visite dans le territoire de Djugu, en Ituri, le haut responsable onusien Jean de la Croix, représentant des Nations Unies, a salué le rôle déterminant joué par la MONUSCO dans la protection des populations civiles confrontées aux violences armées.

Sur le site de Fataki, où se trouvent à la fois une base de la mission onusienne et un camp de déplacés internes, il a tenu à exprimer sa reconnaissance aux Casques bleus, en particulier au contingent népalais, pour leur engagement quotidien auprès des communautés vulnérables.

« Dans cette province, il existe des dizaines de camps de personnes déplacées. Des centaines de milliers de civils sont protégés grâce à la MONUSCO. Sans sa présence, beaucoup d’entre eux seraient aujourd’hui en grave danger », a déclaré Jean de la Croix.

Tout en reconnaissant que des violences persistent encore dans la région, il a souligné que la présence des Casques bleus continue de faire « une réelle différence » dans la vie quotidienne des habitants. Les témoignages recueillis auprès des déplacés confirment, selon lui, l’impact positif de la mission sur leur sécurité et leur survie.

Le responsable onusien a également insisté sur la nécessité de poursuivre les efforts de désarmement et de réintégration des groupes armés dans le cadre du Programme de désarmement, démobilisation, relèvement communautaire et stabilisation (PDDRCS). Il a appelé les autorités congolaises à accélérer ce processus, tout en réaffirmant l’appui des Nations Unies dans le domaine sécuritaire et humanitaire, malgré des contraintes budgétaires croissantes.

Cette visite, selon lui, avait un double objectif : constater les conditions de vie des personnes déplacées et relayer auprès des autorités congolaises le plaidoyer en faveur d’un renforcement de la protection des civils et du retour durable des communautés dans leurs villages.

« J’ai voulu écouter les populations, comprendre leurs besoins et voir comment, ensemble, nous pouvons aller plus loin pour améliorer leur quotidien et réduire les violences », a-t-il ajouté.

En Ituri, des dizaines de milliers de familles continuent de fuir les violences liées aux groupes armés. Les Nations Unies estiment que des centaines de milliers de personnes déplacées dépendent directement de l’assistance humanitaire et de la protection assurée par la MONUSCO.

Eric Nturo, notre correspondant basé à Fataki.",/__l5e/assets-v1/a7396c45-58b4-42d0-aa9d-60b989201fa5/G0KnTXoWsAAJ8jl.jpeg,,578a4dc1-5069-4500-b734-d675df9be940,54e75780-b018-4965-935b-7752e055847c,,publie,2025-09-06 13:45:09+00,,2,f,f,Ituri: L’ONU réaffirme le rôle vital de la MONUSCO dans la p,"Fataki,6 septembre 2025 En visite dans le territoire de Djugu, en Ituri, le haut responsable onusien Jean de la Croix, représentant des Nations Unies, a sa",0,0,2026-08-02 11:23:55.18853+00,2026-08-02 12:16:58.243419+00
682b2102-48ed-4cb6-8917-182a2fa56a08,nord-kivu-un-drone-frappe-un-batiment-du-camp-des-ecogardes-de-rumangabo-a-rutshuru,Nord-Kivu: un drone frappe un bâtiment du camp des écogardes de Rumangabo à Rutshuru,"Un drone d’origine encore inconnue a bombardé, ce dimanche matin, l’un des bâtiments du camp des écogardes de la station de Rumangabo, dans le territoire de Rutshuru, au Nord-Kivu. Selon des témoins présents sur place, l’explosion s’est produite vers 8h10, ce dimanche 24 mai…","Un drone d’origine encore inconnue a bombardé, ce dimanche matin, l’un des bâtiments du camp des écogardes de la station de Rumangabo, dans le territoire de Rutshuru, au Nord-Kivu.

Selon des témoins présents sur place, l’explosion s’est produite vers 8h10, ce dimanche 24 mai 2026, dans ce camp situé en groupement de Kisigari. Le bâtiment visé avait été érigé par l’Institut Congolais pour la Conservation de la Nature (ICCN) afin d’encadrer les veuves des écogardes. Il se trouvait à quelques mètres du terrain de football du camp.

Quelques instants après l’incident, des vidéos relayées sur les réseaux sociaux montrent un bâtiment entièrement calciné après l’explosion. Aucune perte en vie humaine n’a cependant été signalée jusqu’à présent, selon plusieurs sources locales.

Cet incident intervient dans un contexte de forte insécurité dans cette partie du territoire de Rutshuru, régulièrement marquée par des affrontements entre les Forces armées de la RDC (FARDC), appuyées par les groupes Wazalendo, et les rebelles de l’AFC/M23, accusés par Kinshasa d’être soutenus par le Rwanda.

Depuis plusieurs mois, des explosions attribuées à des drones militaires deviennent récurrentes dans cette zone de conflit. Les différents camps s’accusent mutuellement d’être à l’origine de ces bombardements.

Aucune communication officielle des autorités militaires ou de l’ICCN n’avait encore été publiée au moment de la rédaction de cet article.

Justin Bizimana",/__l5e/assets-v1/b8342866-fae8-45fe-85c2-05acd1713265/IMG-20260525-WA0000.jpg,,578a4dc1-5069-4500-b734-d675df9be940,54e75780-b018-4965-935b-7752e055847c,,publie,2026-05-25 17:41:07+00,,1,f,f,Nord-Kivu: un drone frappe un bâtiment du camp des écogardes,"Un drone d’origine encore inconnue a bombardé, ce dimanche matin, l’un des bâtiments du camp des écogardes de la station de Rumangabo, dans le territoire d",0,0,2026-08-02 11:23:55.18853+00,2026-08-02 12:16:58.243419+00
4ac9a7c8-2ad0-43a8-bd1a-37b0055a9d6c,sanctions-americaines-joseph-kabila-kabange-denonce-une-decision-injustifiee-et-politique,Sanctions américaines: Joseph Kabila Kabange dénonce une décision “injustifiée et politique”,"Sanctions américaines : Joseph Kabila Kabange dénonce une décision “injustifiée et politiqueL’ancien président congolais Joseph Kabila Kabange a vivement réagi à la décision des États-Unis de le sanctionner, qualifiant la mesure d’« injustifiée », « politiquement motivée » et…","Sanctions américaines : Joseph Kabila Kabange dénonce une décision “injustifiée et politiqueL’ancien président congolais Joseph Kabila Kabange a vivement réagi à la décision des États-Unis de le sanctionner, qualifiant la mesure d’« injustifiée », « politiquement motivée » et fondée sur des accusations « sans preuves irréfutables », selon un communiqué de son cabinet publié jeudi.

Dans ce document, l’ex-chef de l’État (2001–2019) affirme que ces sanctions reposent sur « le narratif du pouvoir de Kinshasa », qu’il accuse de n’avoir jamais étayé ses accusations devant la justice congolaise. Il estime que la décision américaine pourrait être perçue comme un « soutien à des dérives autoritaires » et une caution à la répression des voix dissidentes en République démocratique du Congo.

Joseph Kabila met en avant son bilan à la tête du pays, évoquant notamment la réunification nationale, la sortie d’une guerre régionale et la première alternance pacifique au sommet de l’État en 2019. Il réaffirme également son attachement à l’unité nationale, à l’intégrité territoriale et à une solution politique inclusive à la crise sécuritaire qui secoue l’est du pays.

L’ancien président appelle par ailleurs Washington à contribuer à « une solution durable » aux problèmes de la RDC, qu’il estime liés non seulement à la sécurité, mais aussi à la gouvernance politique et économique.

Sur le plan juridique, Joseph Kabila annonce se réserver le droit de contester ces sanctions par les voies légales, afin d’obtenir des « éléments vérifiables » justifiant sa désignation et de défendre « son honneur et son parcours ».

Enfin, citant l’article 64 de la Constitution congolaise, il affirme sa détermination à « faire échec à tout pouvoir exercé en violation de la Constitution » et à œuvrer pour « le rétablissement de la démocratie, de l’État de droit et de la cohésion nationale ».

Fabien Burume",/__l5e/assets-v1/3ce27e48-d0e4-401e-bc2c-7f39d1be6913/IMG-20260501-WA0031.jpg,,a09b5ee2-27ae-4ddb-b057-04d88321d28e,54e75780-b018-4965-935b-7752e055847c,,publie,2026-04-01 13:24:18+00,,2,f,f,Sanctions américaines: Joseph Kabila Kabange dénonce une déc,Sanctions américaines : Joseph Kabila Kabange dénonce une décision “injustifiée et politiqueL’ancien président congolais Joseph Kabila Kabange a vivement r,0,0,2026-08-02 11:23:55.18853+00,2026-08-02 15:44:30.803199+00
e0f49cba-6bc1-4184-bc4c-09f113181f15,burundi-rdc-hcr-lancement-des-retours-volontaires-de-refugies-congolais-a-partir-du-23-avril,Burundi–RDC-HCR: lancement des retours volontaires de réfugiés congolais à partir du 23 avril,"Le gouvernement de Burundi et le Haut-Commissariat des Nations Unies pour les réfugiés ont annoncé le démarrage, dès le 23 avril 2026, des retours facilités de réfugiés congolais vers la République démocratique du Congo. Cette décision intervient dans un contexte régional marqué…","Le gouvernement de Burundi et le Haut-Commissariat des Nations Unies pour les réfugiés ont annoncé le démarrage, dès le 23 avril 2026, des retours facilités de réfugiés congolais vers la République démocratique du Congo. Cette décision intervient dans un contexte régional marqué par des tentatives de stabilisation à l’est de la RDC, malgré une insécurité persistante dans plusieurs zones.

Les autorités burundaises et le HCR insistent sur un principe central : le retour repose sur une démarche volontaire, individuelle et librement consentie. Aucun rapatriement forcé n’est envisagé, conformément aux standards internationaux de protection des réfugiés.

Pour être éligibles, les candidats doivent impérativement avoir été enregistrés au préalable auprès de l’Office national de protection des réfugiés et des apatrides (ONPRA). Sans cette formalité, aucun départ ne sera autorisé.

Dans une première phase, les opérations cibleront des profils jugés prioritaires :

* les ménages avec enfants scolarisés, notamment les finalistes aux examens nationaux congolais ;

* les personnes à besoins spécifiques ;

* certains agents de l’État.

Les retours seront limités à des zones précises du Sud-Kivu, dont la ville d’Uvira et ses environs (axe Uvira–Baraka, Fizi, Mboko et plaine de la Ruzizi). Ce choix reflète une approche prudente, liée aux conditions sécuritaires encore fragiles dans d’autres territoires de l’est congolais.

Avant leur départ, les réfugiés recevront une allocation de préparation équivalente à 30 dollars par personne. À l’arrivée en RDC, un paquet d’assistance est prévu :

* deux mois de ration alimentaire (ou équivalent en espèces) ;

* un appui à l’hébergement temporaire ;

* une subvention de 150 dollars par adulte et 75 dollars par enfant ;

* une aide ponctuelle au logement de 100 dollars par personne ;

* un soutien spécifique à la scolarisation pour les enfants vulnérables.

Des kits d’hygiène seront également distribués aux femmes en âge de procréer, et un accompagnement est prévu pour les besoins administratifs ou de réunification familiale.

Les autorités préviennent que les retours se feront de manière progressive, en raison de contraintes logistiques. Les candidats sont appelés à se référer exclusivement aux canaux officiels afin d’éviter toute désinformation.

Le Burundi et le HCR affirment néanmoins leur engagement à garantir un processus conforme aux principes de sécurité, dignité et libre choix, alors que des milliers de Congolais restent déplacés dans la région des Grands Lacs.

Daniel Michombero",/__l5e/assets-v1/faa9a9a9-f5ba-49e9-a71c-6e0fe67b4def/20260419_120351.jpg,,a09b5ee2-27ae-4ddb-b057-04d88321d28e,54e75780-b018-4965-935b-7752e055847c,,publie,2026-04-19 10:20:25+00,,2,f,f,Burundi–RDC-HCR: lancement des retours volontaires de réfugi,"Le gouvernement de Burundi et le Haut-Commissariat des Nations Unies pour les réfugiés ont annoncé le démarrage, dès le 23 avril 2026, des retours facilité",0,0,2026-08-02 11:23:55.18853+00,2026-08-02 15:44:30.803199+00
1ccabc5c-9ab1-45cb-b95b-86a1b2cf9926,rubaya-pres-de-400-morts-dans-un-glissement-de-terrain-sur-un-site-minier-la-societe-civile-accuse-et-exige-des-enquetes,"Rubaya: près de 400 morts dans un glissement de terrain sur un site minier, la société civile accuse et exige des enquêtes","La coordination territoriale de la société civile forces vives de Masisi, la Conscience féminine pour les droits et le développement (CFDD-RDC asbl) et l’ONG MWANAMKE ANAWEZA ont rendu publique, ce 31 janvier 2026 à Pinga, une déclaration conjointe faisant suite à la catastrophe…","La coordination territoriale de la société civile forces vives de Masisi, la Conscience féminine pour les droits et le développement (CFDD-RDC asbl) et l’ONG MWANAMKE ANAWEZA ont rendu publique, ce 31 janvier 2026 à Pinga, une déclaration conjointe faisant suite à la catastrophe naturelle survenue le mercredi 28 janvier 2026 dans la cité minière de Rubaya, en territoire de Masisi (Nord-Kivu).

Selon ces organisations, un important glissement de terrain à caractère érosif s’est produit dans le périmètre d’exploitation minière n°4731, précisément sur le site de Luwowo/Kasasa. Le drame aurait causé la mort d’environ 400 personnes, majoritairement des creuseurs artisanaux, et entraîné de lourds dégâts environnementaux.

La catastrophe a également touché des commerçants présents sur les sites miniers ainsi que des usagers de plusieurs tronçons routiers du périmètre concerné. Si certains corps ont pu être retrouvés, plusieurs centaines de victimes demeurent portées disparues, ensevelies sous les décombres ou emportées par les eaux des rivières Mumba, Osso et Rushoga. Le bouleversement du cours de ces rivières a provoqué des inondations ayant affecté la cité voisine de Bihambwe, où femmes et enfants figurent parmi les victimes directes.

Dans leur déclaration, les signataires dénoncent ce qu’ils qualifient de pillage systématique des minerais et autres ressources naturelles de la région, imputé au Rwanda, en violation du code minier congolais et des normes internationales. Ils estiment que l’exploitation du périmètre 4731 se ferait sans étude d’impact social et environnemental préalable, comme l’exige la législation congolaise.

Les organisations exigent l’ouverture d’enquêtes sérieuses et documentées afin que les pertes humaines et matérielles enregistrées soient prises en compte parmi les crimes internationaux commis en RDC. Elles appellent également la communauté internationale à considérer les minerais exportés par le Rwanda comme des « minerais du sang » et à en interdire l’accès aux marchés internationaux, sous peine de complicité tacite.

Enfin, la société civile de Masisi réclame l’arrêt immédiat de toute exploitation minière illicite dans les zones congolaises sous occupation, le rétablissement du cadre légal et la réparation intégrale des victimes.",/__l5e/assets-v1/6870d240-6256-4440-a1a6-4a689ac980e0/20260201_070800.jpg,,88e488f2-f5d8-42f2-9929-b16c13e10693,54e75780-b018-4965-935b-7752e055847c,,publie,2026-02-01 05:20:46+00,,2,f,f,Rubaya: près de 400 morts dans un glissement de terrain sur ,"La coordination territoriale de la société civile forces vives de Masisi, la Conscience féminine pour les droits et le développement (CFDD-RDC asbl) et l’O",0,0,2026-08-02 11:23:55.18853+00,2026-08-02 15:44:30.803199+00
75b522fc-8c1a-4f50-a934-6cfed7e86b9f,sommet-de-lua-2026,Sommet de l’UA 2026: Julien Paluku plaide pour la souveraineté économique au service d’une Afrique pacifiée,"La 39e session ordinaire de la Conférence des chefs d’État et de gouvernement de l’Union africaine s’est ouverte le 14 février 2026 à Addis-Abeba, marquée par la passation de la présidence tournante entre le chef de l’État angolais João Lourenço et son homologue burundais…","La 39e session ordinaire de la Conférence des chefs d’État et de gouvernement de l’Union africaine s’est ouverte le 14 février 2026 à Addis-Abeba, marquée par la passation de la présidence tournante entre le chef de l’État angolais João Lourenço et son homologue burundais Évariste Ndayishimiye.

En marge des travaux, le ministre congolais du Commerce extérieur, Julien Paluku Kahongya, a livré une analyse centrée sur le lien entre souveraineté économique et stabilité régionale, dans le contexte du thème annuel consacré à la gestion durable de l’eau et des ressources naturelles.

Selon lui, l’atteinte des objectifs de l’Agenda 2063 passe par une transformation structurelle des économies africaines. Il estime que la pacification durable du continent, notamment dans la région des Grands Lacs, dépend de la capacité des États à rompre avec les logiques de prédation et de dépendance.

Le ministre congolais défend une approche fondée sur la valorisation locale des ressources stratégiques, la régulation des chaînes d’approvisionnement et le renforcement des mécanismes régionaux de certification des minerais. Pour lui, « briser l’économie des conflits » implique de redonner aux pays africains le contrôle sur la fixation des prix et la traçabilité de leurs matières premières.

Dans le contexte du thème 2026 consacré à l’eau, Julien Paluku souligne également que la gestion concertée des ressources hydriques transfrontalières constitue un levier de coopération plutôt qu’un facteur de tensions.

À Addis-Abeba, les dirigeants africains ont réaffirmé leur ambition de bâtir une Afrique intégrée, prospère et pacifiée. Pour Kinshasa, cette vision ne pourra se concrétiser sans une souveraineté économique renforcée et une gouvernance régionale plus efficace des ressources naturelles.",/__l5e/assets-v1/45503bd5-2eed-45d0-a064-bc7237372810/IMG-20260214-WA0011.jpg,,88e488f2-f5d8-42f2-9929-b16c13e10693,54e75780-b018-4965-935b-7752e055847c,,publie,2026-02-14 19:37:04+00,,1,f,f,Sommet de l’UA 2026: Julien Paluku plaide pour la souveraine,"La 39e session ordinaire de la Conférence des chefs d’État et de gouvernement de l’Union africaine s’est ouverte le 14 février 2026 à Addis-Abeba, marquée ",0,0,2026-08-02 11:23:55.18853+00,2026-08-02 15:44:30.803199+00
8509e84e-e8d8-4537-8f7c-a3f458cccbb5,sud-kivu-indemnisation-des-victimes-retour-des-refugies-et-reouverture-annoncee-de-la-frontiere-rdc-burundi-a-uvira,"Sud-Kivu: indemnisation des victimes, retour des réfugiés et réouverture annoncée de la frontière RDC–Burundi à Uvira","Le gouverneur du Sud-Kivu, Jean-Jacques Purusi, a annoncé des mesures portant sur l’indemnisation des victimes, le retour des réfugiés et la réouverture prochaine de la frontière entre la RDC et le Burundi, lors d’une déclaration faite ce vendredi 23 janvier 2026 à Uvira. Cette…","Le gouverneur du Sud-Kivu, Jean-Jacques Purusi, a annoncé des mesures portant sur l’indemnisation des victimes, le retour des réfugiés et la réouverture prochaine de la frontière entre la RDC et le Burundi, lors d’une déclaration faite ce vendredi 23 janvier 2026 à Uvira.

Cette prise de parole est intervenue à l’occasion de son retour officiel dans la ville, après le retrait des rebelles du M23, un mouvement armé soutenu par le Rwanda selon des rapports des Nations unies, dont l’occupation a causé d’importantes destructions et des déplacements massifs de populations.

Reconnaissant l’ampleur des dégâts, le gouverneur a déclaré : « On a détruit notre infrastructure, on a pillé partout ». Il a affirmé que le président de la République avait donné des garanties, indiquant que « des moyens seront libérés pour indemniser ceux qui ont perdu leurs biens, leurs équipements et leurs commerces », et pour réhabiliter les routes endommagées, notamment « le goudron qui a été pillé ».

Jean-Jacques Purusi a également confirmé la réouverture prochaine de la frontière RDC–Burundi, précisant que « la frontière va reprendre ses activités », après une évaluation menée par une délégation des services de la douane et des services frontaliers.

Concernant les déplacés et réfugiés, il a appelé à la patience : « Attendez d’abord, ne venez pas », assurant que les autorités organiseront le retour. « Dans les prochains jours, nous allons rentrer tous à Uvira et partout ailleurs », a-t-il ajouté, sans fournir de calendrier précis.

Ces annonces, accueillies avec espoir par la population, restent attendues sur le terrain, dans une ville encore marquée par les conséquences du conflit armé.",/__l5e/assets-v1/01909137-c307-4e91-9489-910c5f12c791/20260123_214153.jpg,,578a4dc1-5069-4500-b734-d675df9be940,54e75780-b018-4965-935b-7752e055847c,,publie,2026-01-23 19:49:21+00,,1,f,f,"Sud-Kivu: indemnisation des victimes, retour des réfugiés et","Le gouverneur du Sud-Kivu, Jean-Jacques Purusi, a annoncé des mesures portant sur l’indemnisation des victimes, le retour des réfugiés et la réouverture pr",0,0,2026-08-02 11:23:55.18853+00,2026-08-02 15:44:30.803199+00
663b73ed-d0f4-47d6-9c20-071985391563,rdc-a-washington-un-elu-americain-interpelle-ladministration-sur-lurgence-de-mettre-fin-a-la-guerre-dans-lest,"RDC: à Washington, un élu américain interpelle l’administration sur l’urgence de mettre fin à la guerre dans l’Est","Alors que l’est de la République démocratique du Congo continue de s’enfoncer dans la violence, des voix s’élèvent au Congrès américain pour dénoncer le fossé entre les discours de paix et la réalité vécue par les populations congolaises, victimes d’une insécurité persistante,…","Alors que l’est de la République démocratique du Congo continue de s’enfoncer dans la violence, des voix s’élèvent au Congrès américain pour dénoncer le fossé entre les discours de paix et la réalité vécue par les populations congolaises, victimes d’une insécurité persistante, notamment dans les zones affectées par les offensives du M23.

Lors d’une audition officielle, un membre du Congrès a exprimé publiquement ses doutes quant à l’efficacité actuelle de la stratégie américaine, tout en réaffirmant son attachement à l’objectif présidentiel de paix. « Je veux croire que l’agenda de paix du président est réel et qu’il aboutira à une paix véritable », a-t-il déclaré. Mais il a aussitôt nuancé : « C’est difficile à croire lorsque nos outils de politique étrangère ont été affaiblis et que les ressources humaines et institutionnelles nécessaires n’ont pas été mobilisées pour rendre la paix durable ».

Selon cet élu, les Congolais n’ont constaté aucun apaisement sur le terrain. « Les Congolais n’ont pas vu la paix. Ils n’ont vu qu’une escalade de la violence au cours de l’année écoulée », a-t-il affirmé, insistant sur le caractère urgent de la situation : « Ils n’ont pas le temps d’attendre ».

Évoquant la résurgence des combats et les exactions attribuées au M23, notamment dans la région d’Uvira, le parlementaire a appelé à des mesures immédiates et fermes. « Nous avons besoin d’actions immédiates pour tenir le M23 et le Rwanda responsables de leur occupation en RDC et de leur dernière offensive à Uvira », a-t-il martelé, appelant également à « remettre le processus de paix sur les rails ».

Il a dénoncé avec vigueur toute tentative de minimisation du conflit. « Il est cruel de prétendre que la guerre en RDC est terminée alors que le M23 exécutait des civils pendant les fêtes », a-t-il lancé, soulignant la contradiction entre certains discours internationaux et la réalité sur le terrain.

Dans ce contexte, l’élu a exhorté les États-Unis et la communauté internationale à démontrer une réelle détermination. « Il est temps que les États-Unis, aux côtés de la communauté internationale, se réengagent pleinement dans ce processus de paix et prouvent leur sérieux en tenant les saboteurs de la paix pour responsables », a-t-il insisté.

Il a enfin indiqué attendre des engagements concrets du Département d’État, déclarant « se réjouir d’entendre le Deputy Assistant Secretary Troutman sur le plan du Département d’État pour atteindre l’objectif du président : une paix réelle et durable en RDC ».

Cette sortie intervient alors que, dans l’est du Congo, les populations continuent de payer un lourd tribut à un conflit prolongé, nourrissant de fortes attentes vis-à-vis des engagements américains et internationaux pour mettre un terme définitif à des décennies de violences armées.",/__l5e/assets-v1/78c25dff-be46-449c-93f6-ad161f4bcec3/20260122_220644.jpg,,578a4dc1-5069-4500-b734-d675df9be940,54e75780-b018-4965-935b-7752e055847c,,publie,2026-01-22 20:22:32+00,,2,f,f,"RDC: à Washington, un élu américain interpelle l’administrat","Alors que l’est de la République démocratique du Congo continue de s’enfoncer dans la violence, des voix s’élèvent au Congrès américain pour dénoncer le fo",0,0,2026-08-02 11:23:55.18853+00,2026-08-02 15:44:30.803199+00
42e4e74f-8351-4d0c-9aa1-c00aed449edd,rdc-banyamulenge-global-advocacy-appelle-la-communaute-internationale-a-rejeter-les-recits,#RDC: Banyamulenge Global Advocacy appelle la communauté internationale à rejeter les récits falsifiés et à soutenir la paix dans l’est,Une organisation représentant la communauté banyamulenge de la diaspora aux États-Unis tire la sonnette d’alarme sur ce qu’elle qualifie de tentatives de manipulation politique et médiatique visant à associer cette communauté congolaise aux interventions militaires étrangères…,"Une organisation représentant la communauté banyamulenge de la diaspora aux États-Unis tire la sonnette d’alarme sur ce qu’elle qualifie de tentatives de manipulation politique et médiatique visant à associer cette communauté congolaise aux interventions militaires étrangères dans l’est de la République démocratique du Congo (RDC).

Dans une correspondance adressée à la sous-commission Afrique de la Chambre des représentants des États-Unis, Banyamulenge Global Advocacy (BGA) affirme que certaines initiatives présentées comme des démarches de paix chercheraient, en réalité, à légitimer des agendas politico-militaires étrangers, au détriment de la souveraineté congolaise et de la coexistence entre communautés.

Selon cette organisation, des civils banyamulenge vivant à Uvira auraient récemment été soumis à des pressions et à des actes d’intimidation les contraignant à quitter la ville en même temps que les combattants du M23, à la suite de l’annonce de leur retrait. « L’objectif était de faire croire que les Banyamulenge ne peuvent vivre en sécurité à Uvira sans la présence de groupes armés », dénonce la BGA, qui y voit une construction artificielle destinée à justifier une occupation prolongée.

L’organisation affirme que ces civils déplacés auraient ensuite été exposés publiquement dans d’autres localités, dans ce qu’elle qualifie de campagne de propagande visant à appuyer une reprise des opérations militaires et une consolidation territoriale. Une pratique que la BGA considère comme une instrumentalisation grave de populations civiles, contraire aux principes humanitaires et à l’esprit de paix.

Au-delà du terrain congolais, la BGA évoque également des actions de lobbying menées aux États-Unis par des structures qu’elle présente comme proches de Kigali. Ces démarches viseraient à influencer les décideurs américains à travers des messages coordonnés, relayant un discours présentant certaines rébellions comme des forces de protection communautaire.

Face à ces dynamiques, l’organisation insiste sur un point central : les Banyamulenge sont des citoyens congolais à part entière, engagés, comme les autres communautés, en faveur de la paix et de la cohésion nationale. Elle affirme que des Banyamulenge vivant encore à Uvira y cohabitent pacifiquement avec les autres populations locales, sans protection armée particulière.

Dans son message, la BGA salue les efforts diplomatiques internationaux en faveur de la paix, tout en appelant à une lecture rigoureuse et responsable des informations transmises aux instances internationales. Elle exhorte les partenaires de la RDC à ne pas confondre la défense légitime des droits des communautés avec l’exploitation politique de leur identité à des fins militaires.

Rédaction",/__l5e/assets-v1/942b2003-a687-4ba6-ad59-162a6c1a7031/20260122_225232.jpg,,578a4dc1-5069-4500-b734-d675df9be940,54e75780-b018-4965-935b-7752e055847c,,publie,2026-01-22 20:55:14+00,,2,f,f,#RDC: Banyamulenge Global Advocacy appelle la communauté int,Une organisation représentant la communauté banyamulenge de la diaspora aux États-Unis tire la sonnette d’alarme sur ce qu’elle qualifie de tentatives de m,0,0,2026-08-02 11:23:55.18853+00,2026-08-02 15:44:30.803199+00
aebfcb42-8a0a-41c1-9a1d-05bf9cd9c8f2,la-cour-regionale-accepte-de-consolider-les-plaintes-de-la-rdc-contre-le-rwanda-ouvrant-la-voie-a-un-proces-sur-les-accusations-dagression-dans-lest-du-congo,"la cour régionale accepte de consolider les plaintes de la RDC contre le Rwanda, ouvrant la voie à un procès sur les accusations d’agression dans l’Est du Congo","La Cour de Justice de l’Afrique de l’Est (EACJ) a validé vendredi 21 novembre la consolidation de plusieurs requêtes déposées par la République démocratique du Congo (RDC) contre le Rwanda, dans un dossier portant sur des accusations d’agression militaire et de violations…","La Cour de Justice de l’Afrique de l’Est (EACJ) a validé vendredi 21 novembre la consolidation de plusieurs requêtes déposées par la République démocratique du Congo (RDC) contre le Rwanda, dans un dossier portant sur des accusations d’agression militaire et de violations massives des droits humains au Nord-Kivu et au Sud Kivu. La décision, bien que procédurale, marque une étape stratégique permettant au tribunal d’examiner prochainement le fond de l’affaire.

Cette procédure s’inscrit dans une crise régionale déjà documentée par plusieurs rapports internationaux, dont ceux des Nations unies, qui ont à plusieurs reprises fait état d’un soutien présumé des Forces de défense du Rwanda (RDF) au mouvement rebelle M23 dans l’Est de la RDC. Kigali rejette fermement ces accusations, affirmant que la crise découle des tensions intercommunautaires internes congolaises et de la présence de groupes armés hostiles au Rwanda.

Des accusations étayées par des rapports internationaux

Dans sa plainte initiale déposée en 2023, la RDC accuse le Rwanda d’avoir violé sa souveraineté territoriale et contribué à des exactions contre des civils dans la région de Masisi et aux abords de Sake, où les combats entre FARDC et M23 se sont intensifiés depuis fin 2022.

Ces accusations font écho à plusieurs enquêtes onusiennes qui ont documenté :

un soutien logistique, militaire et opérationnel présumé des RDF au M23 et l’entrée de soldats rwandais sur le territoire congolais, déjà évoquée dans des rapports du Groupe d’experts de l’ONU.

La récupération d’armes de fabrication ou d’usage rwandais sur des positions abandonnées par le M23.

Des militaires de l’armée Rwandaise capturés sur le sol congolais.

Les ONG Human Rights Watch et Amnesty International ont également dénoncé des déplacements massifs de populations et des attaques contre des civils attribuées au M23, qualifiées de possibles crimes de guerre.

Kigali dément tout soutien et accuse Kinshasa de collaborer avec les FDLR, groupe armé accusé d’abriter des responsables du génocide de 1994.

Un affrontement diplomatique et juridique à Arusha

Le Rwanda, par le biais de ses motions déposées en 2024, a tenté de faire invalider les preuves soumises par Kinshasa, jugeant les documents « irrecevables » et la plainte « infondée ». Kigali conteste également la compétence de la Cour.

De son côté, la RDC a sollicité l’introduction de nouvelles preuves dont des traductions anglaises de documents étatiques et de rapports onusiens.

La Cour a tranché : toutes les requêtes seront instruites ensemble, ouvrant la voie à une audience sur le fond.

Une décision susceptible de redéfinir les normes régionales

Ce recours marque l’un des premiers cas où un État membre de l’EAC utilise la justice régionale pour contester ce qu’il considère comme une agression militaire d’un autre État membre.

Selon plusieurs analystes africains, cette affaire pourrait créer un précédent sur :

La responsabilité étatique en matière de soutien aux groupes armés.

Le règlement judiciaire des conflits de sécurité régionale.

L’avenir des relations politiques et militaires dans la région des Grands Lacs.

Le verdict final pourrait, selon des chercheurs du Conflict Research Group (Université de Gand), « modifier les équilibres diplomatiques autour d’un conflit longtemps géré par la médiation plutôt que par le droit ».

Alvin Maina",/__l5e/assets-v1/39016bfe-d2a3-461b-ae2a-79850a1da073/WhatsApp-Image-2025-11-22-at-16.02.01.jpeg,,578a4dc1-5069-4500-b734-d675df9be940,54e75780-b018-4965-935b-7752e055847c,,publie,2025-11-23 12:02:28+00,,3,f,f,la cour régionale accepte de consolider les plaintes de la R,La Cour de Justice de l’Afrique de l’Est (EACJ) a validé vendredi 21 novembre la consolidation de plusieurs requêtes déposées par la République démocratiqu,0,0,2026-08-02 11:23:55.18853+00,2026-08-02 15:44:30.803199+00
48eb9629-69a7-4c1e-bd6e-d2ff2e231a02,la-rdc-le-burundi-et-le-hcr-coordonnent-le-retour-des-refugies-sous-le-regard-des-ong,"La RDC, le Burundi et le HCR coordonnent le retour des réfugiés sous le regard des ONG","Après le retrait des rebelles du M23 de la ville d’Uvira, dans l’est de la République démocratique du Congo, les autorités congolaises ont lancé une coordination d’urgence avec le Burundi, le Haut-Commissariat des Nations unies pour les réfugiés (HCR) et plusieurs partenaires…","Après le retrait des rebelles du M23 de la ville d’Uvira, dans l’est de la République démocratique du Congo, les autorités congolaises ont lancé une coordination d’urgence avec le Burundi, le Haut-Commissariat des Nations unies pour les réfugiés (HCR) et plusieurs partenaires humanitaires afin de préparer le retour des populations déplacées et réfugiées.

La Première ministre congolaise a réuni les principaux acteurs institutionnels pour baliser ce processus, présenté comme volontaire, progressif et encadré. Selon le porte-parole du gouvernement, Patrick Muyaya, plus de 260 000 Congolais se trouvent actuellement au Burundi.

« Il faut s’assurer que les services aux frontières sont rapidement rétablis pour permettre un retour organisé et sécurisé », a-t-il déclaré.

Kinshasa affirme que ce rapatriement sera mené conjointement avec Bujumbura et le HCR, afin de garantir l’enregistrement des rapatriés, leur protection, l’assistance humanitaire et leur réintégration dans les communautés d’origine.

Sur le terrain, les Forces armées congolaises (FARDC) sont déjà déployées à Uvira. Les autorités reconnaissent toutefois que la restauration de l’autorité de l’État se fera par étapes.

« La ville est encore infiltrée. Il faut d’abord établir un périmètre de sécurité solide », a précisé Patrick Muyaya.

Les organisations de défense des droits humains appellent à la prudence. Plusieurs rapports d’ONG locales et internationales rappellent que les zones de retour restent fragiles, marquées par des violences récurrentes, des maisons détruites ou occupées, et la présence de groupes armés dans les environs. Elles insistent sur la nécessité de garantir des conditions minimales de sécurité, d’accès à la justice et aux services de base avant tout rapatriement massif.

« Un retour précipité, sans garanties claires, pourrait exposer les civils à de nouveaux abus », avertit un acteur humanitaire basé dans la région, soulignant l’importance d’une évaluation indépendante des zones de retour.

Le gouvernement congolais appelle pour sa part toutes les communautés d’Uvira – Babembe, Bavira, Bafuliro, Bashi, Barega, Bwari et autres – à préserver le vivre-ensemble afin de consolider la paix.

Pour les réfugiés congolais dans les camps au Burundi et ailleurs dans la région, le message officiel se veut rassurant : leur retour sera préparé avec les autorités des pays hôtes, le HCR et les partenaires humanitaires. Mais sur le terrain, ONG et défenseurs des droits humains rappellent que la réussite de ce processus dépendra moins des annonces politiques que de la capacité réelle de l’État à assurer sécurité, justice et dignité aux populations qui rentreront.

Ivan Mulengabyuma",/__l5e/assets-v1/ecab9dbb-d2cb-4d15-8c60-b3f1c88041f9/PXL_20260110_132619870.jpg,,578a4dc1-5069-4500-b734-d675df9be940,54e75780-b018-4965-935b-7752e055847c,,publie,2026-01-20 14:14:38+00,,2,f,f,"La RDC, le Burundi et le HCR coordonnent le retour des réfug","Après le retrait des rebelles du M23 de la ville d’Uvira, dans l’est de la République démocratique du Congo, les autorités congolaises ont lancé une coordi",0,0,2026-08-02 11:23:55.18853+00,2026-08-02 15:44:30.803199+00
55abe6a5-e00f-41ca-a0e8-5a04ff129935,rdc-le-m23-nie-la-crise-humanitaire-a-goma-malgre-des-temoignages-accablants,"RDC: le M23 nie la crise humanitaire à Goma, malgré des témoignages accablants","Goma, RDC – Alors que la communauté internationale plaide pour un accès humanitaire urgent dans l’Est de la République Démocratique du Congo, les rebelles de l’AFC/M23 affirment qu’il n’existe plus de crise humanitaire dans la région de Goma. Dans un communiqué, le mouvement…","Goma, RDC – Alors que la communauté internationale plaide pour un accès humanitaire urgent dans l’Est de la République Démocratique du Congo, les rebelles de l’AFC/M23 affirment qu’il n’existe plus de crise humanitaire dans la région de Goma. Dans un communiqué, le mouvement soutenu par Kigali selon Kinshasa, estime que « tous les déplacés ont regagné leurs villages » et accuse certaines organisations humanitaires de « s’être enrichies sur le dos des déplacés » et d’avoir « contribué à la survie de groupes armés, y compris les FDLR ».

Sur le terrain, la réalité décrite par plusieurs habitants et sources locales contredit ces affirmations. De nombreux déplacés affirment avoir été forcés de retourner dans leurs villages après la prise de Goma par les rebelles, leurs abris ayant été détruits. D’autres ont choisi de rester dans la ville, hébergés par des familles d’accueil dans des conditions de grande précarité.

Selon des témoignages recueillis par le journaliste indépendant Daniel Michombero, la vie quotidienne à Goma est marquée par la peur et les restrictions : interdiction de veillées funéraires, taxes arbitraires, détentions et fouets pour les récalcitrants. Les entreprises et les banques ont fermé, aggravant une crise économique déjà profonde.

La population vit désormais sous un climat de contrôle et de silence forcé, semblable à celui observé au Rwanda voisin. Certains habitants, ayant suivi la « formation idéologique » des rebelles, collaborent avec eux pour survivre, tandis que d’autres, restés à l’écart, subissent arrestations, tortures ou enrôlements forcés.

Dans une ville où la peur a remplacé la parole, peu de médias locaux osent encore relayer cette réalité.

Gjrs Anderson",/__l5e/assets-v1/3de3014d-07c3-44b8-a6ce-1f33e061f305/WhatsApp-Image-2025-10-31-at-7.15.10-AM.jpeg,,578a4dc1-5069-4500-b734-d675df9be940,54e75780-b018-4965-935b-7752e055847c,,publie,2025-10-31 11:18:05+00,,1,f,f,"RDC: le M23 nie la crise humanitaire à Goma, malgré des témo","Goma, RDC – Alors que la communauté internationale plaide pour un accès humanitaire urgent dans l’Est de la République Démocratique du Congo, les rebelles ",0,0,2026-08-02 11:23:55.18853+00,2026-08-02 15:44:30.803199+00
f6c6e13e-935c-4485-aa74-d1917768948c,rdc-usa-les-etats-unis-envisagent-de-relocaliser-des-refugies-afghans-vers-la-rdc-une-option-controversee,"RDC-USA: Les États-Unis envisagent de relocaliser des réfugiés afghans vers la RDC, une option controversée","L’administration de Donald Trump étudie la possibilité de relocaliser plus d’un millier de réfugiés afghans actuellement bloqués au Qatar vers la République démocratique du Congo, une hypothèse qui suscite déjà de vives réactions au sein des organisations humanitaires. Selon…","L’administration de Donald Trump étudie la possibilité de relocaliser plus d’un millier de réfugiés afghans actuellement bloqués au Qatar vers la République démocratique du Congo, une hypothèse qui suscite déjà de vives réactions au sein des organisations humanitaires.

Selon plusieurs sources concordantes, près de 1.100 Afghans, pour la plupart d’anciens collaborateurs de l’armée américaine durant la guerre en Afghanistan, vivent depuis plus d’un an dans un camp installé sur une ancienne base militaire américaine au Qatar. Ces personnes, qui espéraient être accueillies aux États-Unis, se retrouvent dans une impasse depuis la suspension des programmes de réinstallation.

Dans ce contexte, Washington explore plusieurs options pour fermer ce centre, dont la date limite avait été fixée au 31 mars. Parmi les scénarios évoqués figure une relocalisation vers certains pays d’Afrique, notamment la RDC. Toutefois, aucune décision officielle n’a été annoncée à ce stade.

Des ONG affirment que les réfugiés concernés pourraient se voir proposer un choix délicat : être transférés vers la RDC ou retourner en Afghanistan, désormais sous le contrôle des talibans. Une perspective largement critiquée par les défenseurs des droits humains, qui dénoncent une solution jugée inadaptée au regard de la situation sécuritaire et humanitaire dans les deux pays la RDC et l’Afghanistan 🇦🇫

Pays déjà confronté à l’une des plus graves crises de déplacement interne au monde, la RDC accueille des millions de personnes déplacées, ce qui interroge sur sa capacité à absorber un nouveau flux de réfugiés étrangers.

De leur côté, les autorités américaines assurent étudier différentes options de relocalisation sans confirmer officiellement la piste congolaise, soulignant la sensibilité du dossier.

En attendant, ces anciens alliés de Washington restent dans l’incertitude, coincés entre promesses non tenues et perspectives d’avenir de plus en plus floues.

Daniel michombero",/__l5e/assets-v1/3d68efd8-2a1d-4580-8ef1-a2425c9369b5/IMG-20260422-WA0001.jpg,,578a4dc1-5069-4500-b734-d675df9be940,54e75780-b018-4965-935b-7752e055847c,,publie,2026-04-22 06:20:05+00,,1,f,f,RDC-USA: Les États-Unis envisagent de relocaliser des réfugi,L’administration de Donald Trump étudie la possibilité de relocaliser plus d’un millier de réfugiés afghans actuellement bloqués au Qatar vers la Républiqu,0,0,2026-08-02 11:23:55.18853+00,2026-08-02 15:44:30.803199+00
ff97d35f-d671-4254-81c9-631f963d630f,rdc-la-monusco-amorce-la-reouverture-progressive-de-laeroport-international-de-goma,RDC: la MONUSCO amorce la réouverture progressive de l’aéroport international de Goma,"La Mission des Nations unies en République démocratique du Congo (MONUSCO) a annoncé jeudi 12 février la reprise progressive des activités à l’aéroport international de Goma, fermé depuis plus d’un an en raison de la dégradation sécuritaire dans le Nord-Kivu. Vivian van de…","La Mission des Nations unies en République démocratique du Congo (MONUSCO) a annoncé jeudi 12 février la reprise progressive des activités à l’aéroport international de Goma, fermé depuis plus d’un an en raison de la dégradation sécuritaire dans le Nord-Kivu.

Vivian van de Perre, Représentante spéciale du Secrétaire général de l’ONU par intérim et cheffe de la MONUSCO par intérim, a personnellement marqué cette étape symbolique. « Le 26 janvier 2025, j’étais dans le dernier avion à atterrir à l’aéroport de Goma. Et aujourd’hui, je suis dans le premier hélicoptère à y atterrir à nouveau », a-t-elle déclaré. Avant d’ajouter : « J’espère que c’est le début de la réouverture progressive de cet aéroport de Goma au bénéfice de la population. »

Cette reprise s’inscrit dans le cadre du mandat confié à la MONUSCO par la résolution 2808 (2025) du Conseil de sécurité des Nations unies. Celle-ci charge la mission d’appuyer l’opérationnalisation d’un cessez-le-feu permanent, notamment à travers sa participation au Mécanisme conjoint élargi de vérification plus (MCVE+).

Selon Vivian van de Perre, les prochaines étapes seront techniques et sécuritaires. La MONUSCO prévoit « dans les prochains jours une première mission de reconnaissance aérienne à Uvira », en prélude au déploiement progressif du mécanisme. Sa visite à Goma vise à « échanger avec les interlocuteurs concernés et à faire avancer les préparatifs concrets : procédures de vérification, coordination, communication et conditions pratiques » pour garantir un dispositif « crédible ».

La responsable onusienne a toutefois souligné que l’appui au cessez-le-feu et la relance complète des opérations dépendront des « arrangements confirmés dans l’architecture convenue » ainsi que des « garanties de sécurité pour le personnel et les moyens des Nations Unies ».

Pour Goma, plaque tournante humanitaire et économique de l’Est congolais, la réouverture progressive de l’aéroport représente un enjeu majeur. Elle pourrait faciliter l’acheminement de l’aide, la mobilité des acteurs humanitaires et, à terme, contribuer à restaurer un climat de confiance dans une région encore marquée par l’instabilité armée.",/__l5e/assets-v1/d0348d56-e10a-4555-853b-370f6acfac56/RAa4-1-copie.png,,578a4dc1-5069-4500-b734-d675df9be940,54e75780-b018-4965-935b-7752e055847c,,publie,2026-02-12 13:06:13+00,,2,f,f,RDC: la MONUSCO amorce la réouverture progressive de l’aérop,La Mission des Nations unies en République démocratique du Congo (MONUSCO) a annoncé jeudi 12 février la reprise progressive des activités à l’aéroport int,0,0,2026-08-02 11:23:55.18853+00,2026-08-02 15:44:30.803199+00
81e440a9-e86c-47b9-a4be-bd51ed2bbe5c,rdc-burundi-notre-sourire-est-un-appel-au-monde-rendez-nous-la-paix-refugies-congolais-au,"#RDC-#Burundi: « Notre sourire est un appel au monde, rendez-nous la paix », réfugiés congolais au Burundi.","Ces visages souriants pourraient laisser croire que tout va bien. Pourtant, derrière chaque regard se cachent des familles déracinées, des villages abandonnés, des maisons perdues et des vies suspendues par la guerre. Dans les camps de réfugiés au Burundi, des milliers de…","Ces visages souriants pourraient laisser croire que tout va bien. Pourtant, derrière chaque regard se cachent des familles déracinées, des villages abandonnés, des maisons perdues et des vies suspendues par la guerre. Dans les camps de réfugiés au Burundi, des milliers de Congolais ayant fui les affrontements dans l’est de la République démocratique du Congo continuent d’attendre le retour de la paix pour rentrer chez eux.

À travers cette série de portraits, ils ne cherchent pas à inspirer la pitié. Ils demandent à être vus, entendus et surtout à ne pas être oubliés. Leur sourire est une force, mais il ne doit jamais devenir un prétexte à l’indifférence. Aujourd’hui, ils prennent la parole. Demain, ils espèrent que le monde prendra enfin ses responsabilités.

Nous sourions encore !

Ce sourire n’efface ni les souvenirs de la guerre, ni les villages abandonnés, ni les proches laissés derrière nous. Il ne signifie pas que la souffrance a disparu.

Il ne signifie pas que la souffrance a disparu. Il est simplement la preuve que l’exil n’a pas réussi à briser notre humanité. Chaque sourire est une forme de résistance. Une manière de dire que, malgré les épreuves, nous continuons de croire qu’un avenir meilleur est possible. Nous refusons que nos enfants grandissent uniquement avec les souvenirs des camps de réfugiés. Ils méritent de connaître leur pays autrement que par les récits de leurs parents.

Un jour, lorsque la paix reviendra, ces sourires accompagneront notre retour vers la République démocratique du Congo. Ce jour-là, ils ne cacheront plus la douleur. Ils célébreront enfin la liberté de rentrer chez nous.",/__l5e/assets-v1/152af9b5-473e-4299-a5cc-c8b439aa1a5a/WhatsApp-Image-2026-07-09-at-09.32.22-4.jpeg,,578a4dc1-5069-4500-b734-d675df9be940,497619eb-3dc3-486f-b531-1c87abe9ec8f,,publie,2026-07-09 12:36:18+00,,1,t,f,"#RDC-#Burundi: « Notre sourire est un appel au monde, rendez","Ces visages souriants pourraient laisser croire que tout va bien. Pourtant, derrière chaque regard se cachent des familles déracinées, des villages abandon",0,0,2026-08-02 11:23:55.18853+00,2026-08-02 15:44:30.803199+00
938af27d-e9b3-4c50-97ef-9c5173b4cb24,ukraine-dement-les-accusations-de-moscou-sur-un-pretendu-soutien-au-m23-en-rdc-6,Ukraine dément les accusations de Moscou sur un prétendu soutien au M23 en RDC.,"Les tensions diplomatiques entre Moscou et Kyiv se sont invitées dans le dossier sécuritaire de l’est de la République démocratique du Congo (RDC). L’Ukraine a officiellement rejeté les accusations formulées par le ministre russe des Affaires étrangères, Sergueï Lavrov, selon…","Les tensions diplomatiques entre Moscou et Kyiv se sont invitées dans le dossier sécuritaire de l’est de la République démocratique du Congo (RDC). L’Ukraine a officiellement rejeté les accusations formulées par le ministre russe des Affaires étrangères, Sergueï Lavrov, selon lesquelles Kyiv soutiendrait le mouvement rebelle AFC/M23 opérant dans l’est du pays.

En visite officielle au Burundi le 10 juillet, Sergueï Lavrov a affirmé que l’Ukraine « tente d’intervenir dans de nombreux conflits sur le continent africain » en soutenant « des forces opposées aux gouvernements légitimes ». Prenant l’exemple de la RDC, le chef de la diplomatie russe a cité le M23 parmi les groupes qui bénéficieraient, selon lui, d’un appui ukrainien. Il a également estimé que cette stratégie viserait à créer des difficultés aux pays africains considérés comme proches de la Russie. Toutefois, il n’a présenté aucune preuve publique pour étayer ces affirmations.

En réponse, le ministère ukrainien des Affaires étrangères a qualifié ces déclarations de « désinformation du Kremlin » et a fermement rejeté toute implication de Kyiv dans le conflit de l’est de la RDC.

« Les affirmations de Lavrov selon lesquelles l’Ukraine soutient le M23 dans l’est de la RDC sont de la désinformation du Kremlin, non étayée par des preuves. Nous réfutons officiellement et rejetons de telles accusations », indique le communiqué de la diplomatie ukrainienne.

L’Ukraine affirme n’avoir « jamais soutenu, ni ne soutient aucun groupe armé opérant sur le territoire de la République démocratique du Congo » et considère ces accusations comme une tentative de Moscou de détourner l’attention de sa propre guerre contre l’Ukraine en élargissant son discours à l’Afrique.

Ces échanges interviennent alors que la Russie renforce sa présence diplomatique et sécuritaire sur le continent africain, tandis que l’Ukraine multiplie également les initiatives pour développer ses relations avec plusieurs États africains depuis le début de l’invasion russe en 2022.

À ce stade, aucune preuve indépendante n’a été rendue publique par les autorités russes pour corroborer les accusations visant l’Ukraine. De leur côté, les Nations unies et plusieurs rapports internationaux continuent de concentrer leurs analyses sur les acteurs impliqués dans le conflit dans l’est de la RDC, sans faire état d’un soutien ukrainien au M23.",/__l5e/assets-v1/be5be9f9-2583-46d5-ba7c-c527c040feb5/WhatsApp-Image-2026-07-12-at-09.06.34-5.jpeg,,578a4dc1-5069-4500-b734-d675df9be940,c4024581-a8d4-4a10-8657-43ec2b68431f,,publie,2026-07-13 10:27:43+00,,2,t,t,Ukraine dément les accusations de Moscou sur un prétendu sou,Les tensions diplomatiques entre Moscou et Kyiv se sont invitées dans le dossier sécuritaire de l’est de la République démocratique du Congo (RDC). L’Ukrai,0,0,2026-08-02 11:23:55.18853+00,2026-08-02 15:44:30.803199+00
a4f7b0bd-d03e-4740-a9ab-062e2b3996dd,rdc-felix-tshisekedi-denonce-l-agression-attribuee-au-rwanda-et-a-l-afc-m23-lors,RDC : Félix Tshisekedi dénonce l’agression attribuée au Rwanda et à l’AFC/M23 lors de la commémoration du Genocost,"Le président de la République démocratique du Congo, Félix Tshisekedi, a dénoncé dimanche l’agression que, selon lui, subit la RDC de la part du Rwanda et de la coalition AFC/M23, à l’occasion de la cérémonie nationale de recueillement organisée dans le cadre de la commémoration du Genocost.
","Dans son allocution, le chef de l’État a qualifié cette agression d’« entreprise meurtrière fondée sur une logique de conquête et de prédation », estimant qu’elle porte atteinte à la souveraineté et à l’intégrité territoriale de la République démocratique du Congo.

S’adressant aux victimes, aux survivants et aux familles endeuillées, Félix Tshisekedi a assuré que leurs souffrances ne seraient « jamais reléguées à l’oubli ». Il a également réaffirmé l’engagement de l’État à défendre leur droit à la vérité, à la justice et à la réparation.",/api/public/media/2026/4f0a753e-d1cd-48de-bc24-9248d9498569.webp,Rachel Kitsita Ndonga,578a4dc1-5069-4500-b734-d675df9be940,c4024581-a8d4-4a10-8657-43ec2b68431f,d0cf6ad7-a1a2-4871-871c-44b12548eea8,publie,2026-08-02 15:19:21.722+00,Lubumbashi,2,t,t,"","",0,0,2026-08-02 15:18:39.837952+00,2026-08-02 15:44:30.803199+00
c2747aba-9f05-4345-b67e-84623bb2d65f,rdc-le-respect-des-mesures-sanitaires-reste-faible-les-cas-de-contamination-au-virus-ebola-ne-cessent-daugmenter,"RDC: le respect des mesures sanitaires reste faible, les cas de contamination au virus Ebola ne cessent d’augmenter","Le ministre de la Communication et des Médias, Patrick Muyaya, accompagné de son collègue en charge de la Santé publique, Roger Kamba, a tenu un briefing ce mardi 19 mai 2026 à Kinshasa avec, comme invité spécial, le virologue Jean-Jacques Muyembe. Devant un parterre de…","Le ministre de la Communication et des Médias, Patrick Muyaya, accompagné de son collègue en charge de la Santé publique, Roger Kamba, a tenu un briefing ce mardi 19 mai 2026 à Kinshasa avec, comme invité spécial, le virologue Jean-Jacques Muyembe.

Devant un parterre de journalistes, les autorités ont informé l’opinion publique sur l’évolution de l’épidémie à virus Ebola de souche Bundibugyo signalée à Mongbwalu, en Ituri, ainsi qu’à Butembo et Goma, au Nord-Kivu.

Selon les chiffres communiqués par les services du ministère de la Santé publique, 543 cas probables ont été enregistrés dans cette partie du territoire national, dont 69 patients internés dans des centres de traitement Ebola. Au total, 32 cas ont été confirmés positifs et 136 décès seraient liés à une contamination au virus Ebola.

« Nous avons des stratégies et de l’expérience »

À cet effet, le Gouvernement congolais, à travers le ministère de la Santé publique, s’est dit capable d’interrompre la chaîne de transmission du virus Ebola tout en assurant une prise en charge efficace des malades touchés par cette nouvelle épidémie liée à la souche Bundibugyo.

Le ministre de la Santé, Roger Kamba, a rassuré la population :

« Nous avons des stratégies de riposte et la RDC dispose d’une expertise avérée ainsi que d’une longue expérience pour endiguer efficacement ce virus Ebola », a-t-il déclaré.

Il a également annoncé le renforcement des mesures de santé publique afin de stopper la propagation de la maladie et de couper la chaîne de transmission, avec l’appui de toute la population à travers le respect strict des recommandations des professionnels de santé.

Les autorités rassurent la population

De son côté, le Professeur Jean-Jacques Muyembe a rappelé que la RDC a déjà connu 17 épidémies de virus Ebola, dont 15 ont été maîtrisées grâce aux mesures de santé publique mises en place.

Complétant son intervention, Patrick Muyaya a indiqué que :

« Cette épidémie a été déclarée le 15 mai 2026 après des analyses minutieuses des échantillons effectuées par l’INRB, lesquelles ont confirmé qu’il s’agit du virus Ebola de souche Bundibugyo, moins mortel que la souche Zaïre. »

Les autorités sanitaires insistent également sur l’importance du lavage régulier des mains avec du savon, présenté comme l’un des gestes essentiels pouvant sauver des vies humaines.

Norbert Mwindulwa",/__l5e/assets-v1/738c4e80-3100-4798-9c20-38fd1ef3763d/IMG-20260520-WA0000.jpg,,483c6016-e901-488d-ba50-48aad757557c,54e75780-b018-4965-935b-7752e055847c,,publie,2026-05-20 09:49:55+00,,2,f,f,"RDC: le respect des mesures sanitaires reste faible, les cas","Le ministre de la Communication et des Médias, Patrick Muyaya, accompagné de son collègue en charge de la Santé publique, Roger Kamba, a tenu un briefing c",0,0,2026-08-02 11:23:55.18853+00,2026-08-02 15:44:30.803199+00
6cc67e83-02b9-4263-bd99-bbf2806c67a0,rdc-la-manipulation-du-m23-mise-en-echec-par-la-dignite-des-banyamulenge,RDC: la manipulation du M23 mise en échec par la dignité des Banyamulenge,"À Uvira, la propagande des rebelles du M23 s’est heurtée à une réalité tenace : l’attachement des populations à leur terre et au vivre-ensemble. Malgré les pressions et les mises en scène, des voix de la communauté banyamulenge ont publiquement rejeté l’exil forcé et réaffirmé…","À Uvira, la propagande des rebelles du M23 s’est heurtée à une réalité tenace : l’attachement des populations à leur terre et au vivre-ensemble. Malgré les pressions et les mises en scène, des voix de la communauté banyamulenge ont publiquement rejeté l’exil forcé et réaffirmé leur droit à rester Congolais, chez eux, en République démocratique du Congo.

Selon des communiqués officiels du gouvernement congolais et des Forces armées de la RDC (FARDC), le M23, soutenu par le Rwanda, a procédé, avant et pendant son retrait d’Uvira, à la déportation de plusieurs membres de la communauté banyamulenge. Certains ont été envoyés vers le Rwanda, d’autres vers Kamanyola et Bukavu. Ces informations sont corroborées par diverses sources, dont la diaspora banyamulenge, qui a publié un communiqué dénonçant des déplacements forcés.

Le mardi 20 janvier 2026, le M23 a présenté devant la presse locale, nationale et internationale plusieurs Banyamulenge, affirmant qu’ils fuyaient des persécutions prétendument orchestrées par les FARDC. Cette mise en scène visait à nourrir un narratif de victimisation, occultant une réalité plus sombre : des départs imposés sous contrainte.

Quelques jours plus tôt, une réunion tenue sous pression à l’église méthodiste de Nyamyanda avait rassemblé des rebelles et des membres de la communauté. Le M23 y a exigé qu’ils suivent ses troupes lors du retrait, sans explications claires. C’est là que des voix ont brisé le silence.

Le président de la communauté banyamulenge à Uvira, Munyoboke Ndatabaye, s’est adressé aux rebelles en des termes sans équivoque :

« Nous ne demandons pas d’aide humanitaire.

Nous vous demandons de nous aider à regagner Uvira.

(…) Aidez-nous chacun avec une bâche à mettre sur nos parcelles respectives, mais d’abord, aidez-nous à retourner à Uvira. Voilà notre principale demande. »

Une femme de la communauté a, elle aussi, exprimé l’épuisement et l’aspiration profonde de ces familles déplacées :

« Nous n’avons rien apporté, nous sommes venus tels que vous nous voyez. (…) Nous supplions l’AFC/M23 de nous laisser retourner à Uvira. (…) Nous sommes fatigués de porter nos enfants sur nos dos. »

Ces paroles rappellent une vérité souvent effacée par la propagande : la communauté banyamulenge n’est ni monolithique ni alignée sur les groupes armés. Avant l’arrivée du M23 à Uvira, elle soutenait, comme d’autres communautés, les efforts de l’armée congolaise et les initiatives en faveur de la cohabitation pacifique.

En décembre dernier, Munyoboke Ndatabaye déclarait déjà :

« La communauté banyamulenge œuvre activement pour le retour de la paix. (…) Nous résistons dans la ville, nous ne partons pas. Nous ne pouvons pas fuir notre pays. (…) Nous appelons tous les Congolais à promouvoir la cohésion entre les communautés et la cohabitation pacifique. »

Aujourd’hui, ces mots prennent une portée particulière. Ils déconstruisent la tentative du M23 d’instrumentaliser une communauté pour légitimer son agenda militaire et politique. À Uvira, les Banyamulenge, comme d’autres Congolais, affirment leur attachement à la terre, à la paix et au vivre-ensemble.

La manipulation ne peut effacer cette réalité : les populations de l’Est ne sont pas condamnées à la division. Leur aspiration demeure la même vivre ensemble, en sécurité, dans une République où chaque citoyen a sa place. C’est dans cette dignité partagée que se trouve la réponse la plus forte aux armes et à la propagande.

Daniel Michombero",/__l5e/assets-v1/e6be51fc-a4e3-47ba-86a4-525610512c6a/20260121_193858.jpg,,65df35f4-289f-4a06-8b4d-8e3c510c68d3,54e75780-b018-4965-935b-7752e055847c,,publie,2026-01-21 17:42:15+00,,3,f,f,RDC: la manipulation du M23 mise en échec par la dignité des,"À Uvira, la propagande des rebelles du M23 s’est heurtée à une réalité tenace : l’attachement des populations à leur terre et au vivre-ensemble. Malgré les",0,0,2026-08-02 11:23:55.18853+00,2026-08-04 16:32:18.081933+00
a1bb88a7-ab33-4176-8018-85ce79aaa5aa,sud-kivu-lenfance-face-au-fleau-de-la-faim-lurgence-dune-riposte-locale,"Sud-Kivu: L’enfance face au fléau de la faim, l’urgence d’une riposte locale","L’intensification des conflits armés dans la province du Sud-Kivu plonge des milliers de familles déplacées dans une détresse alimentaire sans précédent. Alors que les structures sanitaires tirent la sonnette d’alarme face à l’explosion des cas de malnutrition aiguë, des…","L’intensification des conflits armés dans la province du Sud-Kivu plonge des milliers de familles déplacées dans une détresse alimentaire sans précédent. Alors que les structures sanitaires tirent la sonnette d’alarme face à l’explosion des cas de malnutrition aiguë, des initiatives communautaires, comme la production de lait de soja, tentent tant bien que mal de freiner l’hécatombe.

Dans les couloirs du Centre de santé de Mungwe, dans le territoire de Walungu, les chiffres parlent d’eux-mêmes. La réalité est brutale : le nombre d’enfants souffrant de malnutrition dépasse largement les capacités d’accueil. Jean Ntwali, infirmier titulaire, ne cache pas son inquiétude.

« Nous sommes débordés. Nous recevions deux à trois nouveaux cas par mois ; aujourd’hui, nous enregistrons plus de cinq cas par jour », confie-t-il.

Cette flambée touche de plein fouet les enfants déplacés, dont les parents, ayant fui les violences armées, se retrouvent sans moyens de subsistance. À la précarité des familles s’ajoute une pénurie criante d’aliments thérapeutiques et de médicaments essentiels, rendant la prise en charge médicale quasi impossible.

Face à l’insuffisance de l’aide humanitaire internationale, la prévention devient le dernier rempart. Le lait de soja, riche en protéines végétales, vitamines et minéraux, apparaît comme une alternative prometteuse. Pourtant, sa production à Idjwi et dans le reste de la province reste un véritable parcours du combattant.

« Le manque d’outils adaptés impacte négativement le produit fini », témoigne Bolingo Boniface, habitant d’Idjwi. Sans financement ni formation technique, ce super-aliment peine à être distribué à grande échelle.

Malgré ces obstacles, des lueurs d’espoir surgissent. À Kabare, le Foyer de Paix de Kambehe, dans le groupement de Miti, s’est lancé dans la bataille. La structure produit du lait de soja spécifiquement pour les enfants d’âge préscolaire et les femmes enceintes déplacées.

Pour Béatrice Ciraba, infirmière au sein du foyer, l’objectif est clair : « Nous voulons corriger la malnutrition modérée avant qu’elle ne devienne irréversible. » Elle plaide pour une intégration systématique de ce lait dans le régime alimentaire familial afin de garantir un développement sain.

Si des initiatives locales comme celle de Kambehe sauvent des vies au quotidien, elles ne peuvent porter seules le fardeau d’une crise humanitaire d’une telle ampleur. Les acteurs de terrain sont unanimes : sans un appui structurel des partenaires humanitaires et un renforcement des capacités de production locale, la malnutrition continuera de compromettre l’avenir du Sud-Kivu.

L’urgence n’est plus seulement médicale ; elle est également logistique et politique. Au-delà de l’assistance d’urgence, c’est l’autonomie nutritionnelle de la province qui est en jeu.

Daniel Michombero",/__l5e/assets-v1/aecc734b-1cad-45cf-ae52-27ac822c5c98/20260122_112038.jpg,,483c6016-e901-488d-ba50-48aad757557c,54e75780-b018-4965-935b-7752e055847c,,publie,2026-01-22 09:22:43+00,,2,f,f,"Sud-Kivu: L’enfance face au fléau de la faim, l’urgence d’un",L’intensification des conflits armés dans la province du Sud-Kivu plonge des milliers de familles déplacées dans une détresse alimentaire sans précédent. A,0,0,2026-08-02 11:23:55.18853+00,2026-08-02 15:44:30.803199+00
56ee13a3-d644-4185-a0ab-88794c283b34,a-kinshasa-liran-celebre-47-ans-de-revolution-une-soiree-dhommage-de-culture-et-de-diplomatie,"A Kinshasa l’Iran célèbre 47 ans de Révolution: une soirée d’hommage, de culture et de diplomatie.","L’ambassade d’Iran en République démocratique du Congo (RDC) a célébré, à l’hôtel Rotana, le 47ᵉ anniversaire de la victoire de la Révolution islamique, lors d’une cérémonie placée sous les signes de la solennité et de l’amitié entre les deux pays. La soirée a également marquée…","L’ambassade d’Iran en République démocratique du Congo (RDC) a célébré, à l’hôtel Rotana, le 47ᵉ anniversaire de la victoire de la Révolution islamique, lors d’une cérémonie placée sous les signes de la solennité et de l’amitié entre les deux pays. La soirée a également marquée 54 ans de relations diplomatiques entre la RDC et l’Iran, établies le 11 février 1972.

L’événement s’est ouvert par l’exécution successive des hymnes nationaux de la RDC et de la République islamique d’Iran, avant la projection d’un film immersif présentant la richesse de la civilisation iranienne de son héritage historique à ses expressions artistiques et scientifiques.

« C’est pour nous un immense honneur et une grande joie que, en ce quarante-septième anniversaire de la Victoire de la révolution islamique d’Iran, nos estimés invités aient accepté notre invitation », a déclaré Amir Hosseini, ambassadeur d’Iran en RDC, saluant les autorités congolaises, les représentants du corps diplomatique, des organisations internationales, des communautés religieuses ainsi que les personnalités politiques, culturelles, économiques et académiques présentes.

Revenant sur 1979, l’ambassadeur a rappelé la portée historique de l’événement :

« La Révolution islamique d’Iran fut la manifestation de la volonté d’une nation qui, en 1979, s’appuyant sur sa foi, son identité historique et son aspiration à l’indépendance, a triomphé d’une dictature inféodée à un régime qui faisait prévaloir les intérêts étrangers sur la volonté du peuple. »

Il a souligné la résilience du pays au fil des décennies et mis en avant des réalisations dans la technologie, la production, les services sociaux, la santé et la défense.

Abordant brièvement le contexte international, il a rappelé que, malgré des pressions persistantes, l’Iran privilégie une diplomatie d’équilibre et de coopération :

« Sur le plan de la politique étrangère, l’Iran a adopté une approche équilibrée, fondée sur une diplomatie dynamique et une interaction intelligente… afin d’assurer une participation active au sein des organisations régionales et internationales de premier plan. »

La cérémonie a aussi été l’occasion de rappeler la longévité et la qualité du lien bilatéral :

« Nous célébrons aujourd’hui également le cinquante-quatrième anniversaire de nos relations diplomatiques », a indiqué l’ambassadeur Hosseini, précisant que cette relation « repose sur le respect mutuel, l’indépendance, le droit des peuples à disposer d’eux-mêmes et l’attachement à la paix et à la stabilité internationales ».

Les pistes de coopération prioritaires ont été rappelées : énergie, infrastructures, industries minières, agriculture, santé, technologies de l’information avec une place singulière accordée aux échanges éducatifs et scientifiques.

« L’UNICONGO, symbole de l’engagement de l’Iran en faveur de l’élévation du niveau scientifique et éducatif de la jeunesse congolaise… forme déjà une nouvelle génération d’élites congolaises avec la civilisation et la riche culture iraniennes. »

Du côté des invités, l’appréciation a été unanime sur la tonalité ouverte et culturelle de la soirée.

« Cette cérémonie nous rappelle qu’au-delà des agendas politiques, la culture crée des passerelles durables. Le film sur la civilisation iranienne a permis de mieux comprendre la profondeur historique d’un partenaire avec lequel la RDC entretient un dialogue de longue date. » Lâche Glody Tabende conseillé dans un ministère en RDC.

En conclusion, l’ambassadeur a adressé un message de paix et de coopération :

« Nos vœux vont à la paix, à la stabilité, et à la prospérité pour tous. L’Iran demeure attaché à une collaboration plus étroite avec la RDC, au bénéfice mutuel de nos peuples. »",/__l5e/assets-v1/38bc11e0-ec91-4491-b83f-5f407e137cf9/20260212_124049.jpg,,1d8fd791-c61c-4884-924e-f0704f68d3ea,54e75780-b018-4965-935b-7752e055847c,,publie,2026-02-12 12:10:25+00,,3,f,f,A Kinshasa l’Iran célèbre 47 ans de Révolution: une soirée d,"L’ambassade d’Iran en République démocratique du Congo (RDC) a célébré, à l’hôtel Rotana, le 47ᵉ anniversaire de la victoire de la Révolution islamique, lo",0,0,2026-08-02 11:23:55.18853+00,2026-08-02 15:44:30.803199+00
4fc37351-9344-4f44-b576-dc8c7a7c5443,rdc-ciblage-ethnique-a-uvira-les-banyamulenge-et-dautres-communautes-temoignent-2,RDC: Ciblage ethnique à Uvira ? Les Banyamulenge et d’autres communautés témoignent,"Alors que des messages alarmistes affirmaient que la communauté banyamulenge était prise pour cible à Uvira, Reelactu a mené l’enquête. Témoignages de leaders communautaires, d’acteurs de la société civile et de simples habitants dessinent un tableau plus nuancé : dans cette…","Alors que des messages alarmistes affirmaient que la communauté banyamulenge était prise pour cible à Uvira, Reelactu a mené l’enquête. Témoignages de leaders communautaires, d’acteurs de la société civile et de simples habitants dessinent un tableau plus nuancé : dans cette cité du Sud-Kivu, tensions et manipulations existent, mais la volonté de cohabiter reste forte.

Une ville sous tension mais déterminée à vivre ensemble

Du 22 août au 9 septembre, la cité d’Uvira, érigée provisoirement en capitale provinciale du Sud-Kivu depuis l’occupation de Bukavu par le M23, a connu une atmosphère tendue après l’installation d’un général FARDC contesté. Dans ce contexte, des messages relayant l’idée d’attaques ciblées contre la communauté banyamulenge ont circulé, alimentant peurs et rumeurs.

Pourtant, sur le terrain, FARDC, Wazalendo et armée burundaise sécurisent la ville où cohabitent Congolais de plusieurs ethnies et ressortissants burundais, tanzaniens ou kényans. Tous partagent la même aspiration : retrouver la paix.

Les Banyamulenge réaffirment leur attachement à la paix

« Nous continuons à appeler tous les Congolais à vivre la cohésion sociale et la cohabitation pacifique. C’est ce que nous prêchons chaque jour », insiste Muyoboke Ndattabaye, président de la mutualité Banyamulenge/Uvira.

Il dit soutenir la vision du Chef de l’État pour rassembler toutes les communautés et plaide pour un renforcement de la sécurité afin que « toutes les communautés vivent la paix sur tout le territoire national et dans la ville d’Uvira ».

Dans le même esprit, Aimable Iranzi, secrétaire de la jeunesse banyamulenge à Uvira, affirme :

« Nous n’avons pas de problème et nous n’agressons aucune communauté voisine ici. La cohabitation pacifique et la cohésion sociale, c’est la base de tout développement. Sans paix, ni sécurité, notre ville et notre pays ne peuvent jamais se développer. »

La société civile multiplie les initiatives de sensibilisation

Pour Mapenzi Manyebwa, président de la Synergie des sociétés civiles et mouvements citoyens d’Uvira, « nous sommes tous obligés de vivre ensemble. Sinon, nous donnerons aux ennemis un lien pour nous diviser. »

Depuis deux ans, son organisation organise formations sur la gestion des conflits et émissions radios pour aider les habitants à comprendre l’importance de la transformation des conflits et ses conséquences.

Des gestes symboliques et une vie quotidienne partagée

Au détour d’un hôtel de la place, Papy Mukambilwa, chef d’antenne de la protection civile de la ville et du territoire d’Uvira, montre l’exemple : « Nous sommes assis à sept autour de cette table, chacun de communautés différentes. Nous partageons ensemble. Ce n’est pas parce que vous êtes Muyamulenge ou Muvira que vous n’êtes pas appelés à vivre à Uvira. Tout le monde est libre de vivre là où il se sent à l’aise. »

Des habitants rencontrés par Reelactu Anuarite Mungubi, Kipanda Kitungano et Hellene Tundu témoignent dans le même sens : les différentes communautés fréquentent les mêmes marchés, se côtoient sans heurts et appellent toutes au retour de la paix.

Mettre fin aux manipulations politiques

Pour Doudou Merefu, coordonnateur des Wazalendo/Uvira, l’origine de nombreuses tensions réside dans « les politiciens qui essaient d’instrumentaliser sur base tribale. Qu’ils arrêtent ce genre de pratiques. La discipline est la mère de toute armée et nous devons évoluer ensemble ».

L’appel des autorités provinciales

Enfin, Jean Jacques Purusi, gouverneur du Sud-Kivu, exhorte toutes les couches sociales à la cohabitation pacifique pour barrer la route aux ennemis de la RDC : « Nous devons nous mettre ensemble, nous parler et éviter des divisions entre nous qui peuvent donner l’opportunité à l’ennemi de nous réasservir. »

Un même message : préserver la paix

Au terme de cette immersion, un constat s’impose : si les tensions existent et que les rumeurs peuvent attiser la méfiance, la plupart des acteurs locaux leaders communautaires, société civile, autorités et habitants défendent une même idée : la paix est indispensable pour vivre ensemble et reconstruire la région.

Reelactu continuera à documenter ces efforts de cohabitation pacifique, essentiels pour l’avenir du Sud-Kivu et de la République démocratique du Congo.",/__l5e/assets-v1/67f0b9a1-bc23-4038-8a2f-91933d97c5e8/WhatsApp-Image-2025-09-28-at-9.17.50-AM.jpeg,,83a1c6b5-fb20-4b26-9cdd-9c5370cd95c2,54e75780-b018-4965-935b-7752e055847c,,publie,2025-09-28 16:36:49+00,,3,f,f,RDC: Ciblage ethnique à Uvira ? Les Banyamulenge et d’autres,"Alors que des messages alarmistes affirmaient que la communauté banyamulenge était prise pour cible à Uvira, Reelactu a mené l’enquête. Témoignages de lead",0,0,2026-08-02 11:23:55.18853+00,2026-08-02 15:44:30.803199+00
4c0a442f-b47f-47dd-ad28-fa4174a67c77,est-de-la-rdc-bruno-lemarquis-alerte-sur-une-crise-humanitaire-negligee,#EST DE LA RDC: BRUNO LEMARQUIS ALERTE SUR UNE CRISE HUMANITAIRE « NÉGLIGÉE »,"Le coordonnateur humanitaire des Nations Unies en République Démocratique du Congo a livré un tableau amer de la situation, ce mardi 5 mai 2026, lors d’un point de presse à Beni. Arrivé dans la capitale (Provisoire) du Nord-Kivu après une mission de plusieurs jours en Ituri,…","Le coordonnateur humanitaire des Nations Unies en République Démocratique du Congo a livré un tableau amer de la situation, ce mardi 5 mai 2026, lors d’un point de presse à Beni.

Arrivé dans la capitale (Provisoire) du Nord-Kivu après une mission de plusieurs jours en Ituri, Bruno Lemarquis n’a pas mâché ses mots :

« La crise humanitaire dans l’Est de la RDC est négligée. Les besoins sont de plus en plus pressants, mais les financements ne suivent pas. »

L’Est de la RDC fait face à une dégradation progressive de la situation humanitaire depuis plusieurs années. Les conflits armés, principalement le M23 et d’autres groupes, continuent de déplacer des millions de personnes.

Le coordonnateur a appelé la communauté internationale à intensifier ses efforts :

« Nous avons besoin de plus de ressources pour protéger les civils et leur fournir une assistance digne. »

Malgré les alertes répétées, les dons humanitaires pour la RDC ont diminué ces dernières années. Les agences humanitaires font face à un Gap de financement croissant.

Les provinces de l’Ituri et du Nord-Kivu sont Plas particulièrement touchés depuis le renforcement de l’état de siège en 2021. Les violences ont forced des millions de personnes à fuir leurs domicile.

Fabien Burume",/__l5e/assets-v1/bc1e53f5-6d47-40af-a0dd-92c98a958ea4/20260506_154137.jpg,,83a1c6b5-fb20-4b26-9cdd-9c5370cd95c2,54e75780-b018-4965-935b-7752e055847c,,publie,2026-05-06 15:33:13+00,,1,f,f,#EST DE LA RDC: BRUNO LEMARQUIS ALERTE SUR UNE CRISE HUMANIT,"Le coordonnateur humanitaire des Nations Unies en République Démocratique du Congo a livré un tableau amer de la situation, ce mardi 5 mai 2026, lors d’un ",0,0,2026-08-02 11:23:55.18853+00,2026-08-04 16:32:18.081933+00
